url_length,hostname_length,path_length,num_dots,num_hyphens,num_underscores,num_slashes,num_at_symbol,num_digits,digit_ratio,num_special_chars,has_ip_address,has_https,num_subdomains,suspicious_tld,has_port,has_phishing_keywords,has_brand_name,shannon_entropy,vowel_ratio,consonant_ratio,longest_word_length,avg_word_length,has_redirect,has_shortener,has_anchor,has_encoding,query_param_count,query_length,path_token_count,tld_in_path,repeated_chars,url_similarity_score,label
29,13,8,2,0,0,3,0,0,0.0,0,0,1,1,0,0,1,1,3.8313,0.2609,0.7391,7,4.6,0,0,0,0,0,0,1,0,1,0.0,0
24,15,1,2,0,0,3,0,0,0.0,0,0,1,1,0,0,0,1,3.9073,0.1667,0.8333,7,4.5,0,0,0,0,0,0,0,0,1,0.0,0
20,12,0,2,0,0,2,0,0,0.0,0,0,1,1,0,0,0,0,3.6842,0.2,0.8,5,3.75,0,0,0,0,0,0,0,0,1,0.7143,0
43,14,21,2,0,0,4,0,0,0.0,0,0,1,1,0,0,0,0,4.1643,0.3056,0.6944,11,6.0,0,0,0,0,0,0,2,0,1,0.625,0
24,16,0,2,0,0,2,0,0,0.0,0,0,1,1,0,0,0,0,3.9387,0.2632,0.7368,8,4.75,0,0,0,0,0,0,0,0,1,0.7,0
19,11,0,2,0,0,2,0,0,0.0,0,0,1,1,0,0,0,0,3.4714,0.2143,0.7857,5,3.5,0,0,0,0,0,0,0,0,1,0.6667,0
31,13,10,2,0,0,3,0,0,0.0,0,0,1,1,0,0,0,0,3.9536,0.2,0.8,9,5.0,0,0,0,0,0,0,1,0,1,0.625,0
26,14,4,2,0,0,3,0,0,0.0,0,0,1,1,0,0,0,1,3.7672,0.3,0.7,6,4.0,0,0,0,0,0,0,1,0,1,0.0,0
23,15,0,2,0,0,2,0,0,0.0,0,0,1,1,0,0,0,0,3.5884,0.1667,0.8333,7,4.5,0,0,0,0,0,0,0,0,1,0.75,0
26,18,0,2,0,0,2,0,0,0.0,0,0,1,1,0,0,0,0,3.7483,0.1905,0.8095,10,5.25,0,0,0,0,0,0,0,0,1,0.7,0
22,14,0,2,0,0,2,0,0,0.0,0,0,1,1,0,0,0,0,3.7888,0.2353,0.7647,6,4.25,0,0,0,0,0,0,0,0,1,0.6667,0
31,13,10,2,0,0,3,0,0,0.0,0,0,1,1,0,0,0,0,4.0424,0.24,0.76,9,5.0,0,0,0,0,0,0,1,0,1,0.75,0
27,11,8,2,0,0,3,0,0,0.0,0,0,1,1,0,0,0,0,3.5501,0.2381,0.7619,7,4.2,0,0,0,0,0,0,1,0,1,0.6667,0
36,17,11,2,0,0,3,0,0,0.0,0,0,1,1,0,0,0,1,4.1762,0.2667,0.7333,10,6.0,0,0,0,0,0,0,1,0,1,0.0,0
29,13,8,2,0,0,3,0,0,0.0,0,0,1,1,0,0,0,1,3.8833,0.3043,0.6957,7,4.6,0,0,0,0,0,0,1,0,1,0.0,0
23,15,0,2,0,0,2,0,0,0.0,0,0,1,1,0,0,0,0,3.882,0.2222,0.7778,7,4.5,0,0,0,0,0,0,0,0,1,0.7143,0
32,13,11,2,0,0,3,0,0,0.0,0,0,1,1,0,0,0,1,3.8903,0.2692,0.7308,10,5.2,0,0,0,0,0,0,1,0,1,0.0,0
32,14,10,2,0,0,3,0,0,0.0,0,0,1,1,0,0,0,0,3.9292,0.2308,0.7692,9,5.2,0,0,0,0,0,0,1,0,1,0.7143,0
18,10,0,2,0,0,2,0,0,0.0,0,0,1,1,0,0,0,0,3.5724,0.1538,0.8462,5,3.25,0,0,0,0,0,0,0,0,1,0.6667,0
33,15,10,2,0,0,3,0,0,0.0,0,0,1,1,0,0,0,0,3.854,0.3333,0.6667,9,5.4,0,0,0,0,0,0,1,0,1,0.7143,0
30,11,11,2,0,0,3,0,0,0.0,0,0,1,1,0,0,0,0,3.9144,0.2917,0.7083,10,4.8,0,0,0,0,0,0,1,0,1,0.6667,0
19,11,0,2,0,0,2,0,0,0.0,0,0,1,1,0,0,0,0,3.4714,0.1429,0.8571,5,3.5,0,0,0,0,0,0,0,0,1,0.625,0
18,10,0,2,0,0,2,0,0,0.0,0,0,1,1,0,0,0,0,3.5724,0.2308,0.7692,5,3.25,0,0,0,0,0,0,0,0,1,0.5,0
30,14,8,2,0,0,3,0,0,0.0,0,0,1,1,0,0,1,0,3.9144,0.2917,0.7083,7,4.8,0,0,0,0,0,0,1,0,1,0.625,0
24,16,0,2,0,0,2,0,0,0.0,0,0,1,1,0,0,0,0,3.7406,0.1579,0.8421,8,4.75,0,0,0,0,0,0,0,0,1,0.75,0
20,12,0,2,0,0,2,0,0,0.0,0,0,1,1,0,0,0,0,3.6842,0.2667,0.7333,5,3.75,0,0,0,0,0,0,0,0,1,0.6667,0
23,15,0,2,0,0,2,0,0,0.0,0,0,1,1,0,0,0,0,3.7951,0.1667,0.8333,7,4.5,0,0,0,0,0,0,0,0,1,0.8571,0
27,15,4,2,0,0,3,0,0,0.0,0,0,1,1,0,0,0,1,4.0043,0.2381,0.7619,7,4.2,0,0,0,0,0,0,1,0,1,0.0,0
26,18,0,2,0,0,2,0,0,0.0,0,0,1,1,0,0,0,0,3.8731,0.2857,0.7143,10,5.25,0,0,0,0,0,0,0,0,1,0.6,0
25,17,0,2,0,0,2,0,0,0.0,0,0,1,1,0,0,0,0,3.8937,0.2,0.8,9,5.0,0,0,0,0,0,0,0,0,1,0.6667,0
19,11,0,2,0,0,2,0,0,0.0,0,0,1,1,0,0,0,0,3.4714,0.0714,0.9286,5,3.5,0,0,0,0,0,0,0,0,1,0.75,0
34,18,8,2,0,0,3,0,0,0.0,0,0,1,1,0,0,0,0,4.1163,0.25,0.75,10,5.6,0,0,0,0,0,0,1,0,1,0.6,0
23,15,0,2,0,0,2,0,0,0.0,0,0,1,1,0,0,0,0,3.7623,0.1667,0.8333,7,4.5,0,0,0,0,0,0,0,0,1,0.7143,0
23,15,0,2,0,0,2,0,0,0.0,0,0,1,1,0,0,0,1,3.9362,0.1667,0.8333,7,4.5,0,0,0,0,0,0,0,0,1,0.0,0
36,14,14,2,0,0,4,0,0,0.0,0,0,1,1,0,0,0,0,3.9959,0.2069,0.7931,11,4.8333,0,1,0,0,0,0,2,0,1,0.625,0
25,17,0,2,0,0,2,0,0,0.0,0,0,1,1,0,0,0,1,3.8635,0.2,0.8,9,5.0,0,0,0,0,0,0,0,0,1,0.0,0
18,10,0,2,0,0,2,0,0,0.0,0,0,1,1,0,0,0,0,3.5724,0.0769,0.9231,5,3.25,0,0,0,0,0,0,0,0,1,0.75,0
21,13,0,2,0,0,2,0,0,0.0,0,0,1,1,0,0,0,0,3.6538,0.1875,0.8125,5,4.0,0,0,0,0,0,0,0,0,1,0.625,0
21,13,0,2,0,0,2,0,0,0.0,0,0,1,1,0,0,0,0,3.6304,0.125,0.875,5,4.0,0,0,0,0,0,0,0,0,1,0.6,0
28,15,5,2,0,0,3,0,0,0.0,0,0,1,1,0,0,0,1,3.7979,0.1818,0.8182,7,4.4,0,0,0,0,0,0,1,0,1,0.0,0
24,16,0,2,0,0,2,0,0,0.0,0,0,1,1,0,0,0,0,3.7721,0.2632,0.7368,8,4.75,0,0,0,0,0,0,0,0,1,0.625,0
20,12,0,2,0,0,2,0,0,0.0,0,0,1,1,0,0,0,0,3.7842,0.2667,0.7333,5,3.75,0,0,0,0,0,0,0,0,1,0.75,0
22,14,0,2,0,0,2,0,0,0.0,0,0,1,1,0,0,0,0,3.8454,0.1765,0.8235,6,4.25,0,0,0,0,0,0,0,0,1,0.625,0
26,18,0,2,0,0,2,0,0,0.0,0,0,1,1,0,0,0,0,3.8731,0.2857,0.7143,10,5.25,0,0,0,0,0,0,0,0,1,0.6,0
23,15,0,2,0,0,2,0,0,0.0,0,0,1,1,0,0,0,0,3.7623,0.2778,0.7222,7,4.5,0,0,0,0,0,0,0,0,1,0.7143,0
34,18,8,2,0,0,3,0,0,0.0,0,0,1,1,0,0,0,0,3.8222,0.2857,0.7143,10,5.6,0,0,0,0,0,0,1,0,1,0.6,0
26,18,0,3,0,0,2,0,0,0.0,0,0,1,2,0,0,0,1,3.6424,0.25,0.75,6,4.0,0,0,0,0,0,0,0,0,1,0.75,0
25,17,0,2,0,0,2,0,0,0.0,0,0,1,1,0,0,0,0,3.8137,0.3,0.7,9,5.0,0,0,0,0,0,0,0,0,1,0.5556,0
33,15,10,2,0,0,3,0,0,0.0,0,0,1,1,0,0,0,0,3.8997,0.2963,0.7037,9,5.4,0,0,0,0,0,0,1,0,1,0.7143,0
21,13,0,2,0,0,2,0,0,0.0,0,0,1,1,0,0,0,1,3.5945,0.1875,0.8125,5,4.0,0,0,0,0,0,0,0,0,1,0.0,0
31,14,9,2,0,0,3,0,0,0.0,0,0,1,1,0,0,0,0,3.9134,0.24,0.76,8,5.0,0,1,0,0,0,0,1,0,1,0.625,0
31,15,8,2,0,0,3,0,0,0.0,0,0,1,1,0,0,0,1,3.631,0.2,0.8,7,5.0,0,0,0,0,0,0,1,0,1,0.0,0
34,15,11,2,0,0,3,0,0,0.0,0,0,1,1,0,0,0,1,4.0497,0.25,0.75,10,5.6,0,0,0,0,0,0,1,0,1,0.0,0
19,11,0,2,0,0,2,0,0,0.0,0,0,1,1,0,0,0,0,3.5766,0.1429,0.8571,5,3.5,0,0,0,0,0,0,0,0,1,0.7143,0
29,13,8,2,0,0,3,0,0,0.0,0,0,1,1,0,0,0,0,3.9783,0.2609,0.7391,7,4.6,0,0,0,0,0,0,1,0,1,0.75,0
33,16,9,2,0,0,3,0,0,0.0,0,0,1,1,0,0,0,1,4.1273,0.2222,0.7778,8,5.4,0,0,0,0,0,0,1,0,1,0.0,0
30,14,8,2,0,0,3,0,0,0.0,0,0,1,1,0,0,0,0,4.0981,0.2083,0.7917,7,4.8,0,0,0,0,0,0,1,0,1,0.7143,0
25,17,0,2,0,0,2,0,0,0.0,0,0,1,1,0,0,0,1,3.9737,0.35,0.65,8,5.0,0,0,0,0,0,0,0,0,0,0.0,0
25,17,0,2,0,0,2,0,1,0.04,0,0,1,1,0,0,1,0,3.7337,0.1579,0.8421,8,4.75,0,0,0,0,0,0,0,0,1,0.7778,0
31,18,5,2,0,0,3,0,0,0.0,0,0,1,1,0,0,0,0,3.889,0.24,0.76,10,5.0,0,0,0,0,0,0,1,0,1,0.6,0
22,14,0,2,0,0,2,0,0,0.0,0,0,1,1,0,0,0,0,3.5503,0.1176,0.8824,6,4.25,0,0,0,0,0,0,0,0,1,0.625,0
37,16,13,2,0,0,4,0,5,0.1351,0,0,1,1,0,0,0,1,4.3782,0.28,0.72,8,5.0,0,0,0,0,0,0,2,0,1,0.0,0
22,14,0,2,0,0,2,0,0,0.0,0,0,1,1,0,0,0,0,3.8797,0.2353,0.7647,6,4.25,0,0,0,0,0,0,0,0,1,0.625,0
32,15,9,2,0,0,3,0,0,0.0,0,0,1,1,0,0,0,1,3.7806,0.2692,0.7308,8,5.2,0,0,0,0,0,0,1,0,1,0.0,0
29,15,6,2,0,0,3,0,0,0.0,0,0,1,1,0,0,0,1,3.8573,0.1739,0.8261,7,4.6,0,0,0,0,0,0,1,0,1,0.0,0
24,16,0,2,0,0,2,0,0,0.0,0,0,1,1,0,0,0,0,3.9387,0.2105,0.7895,8,4.75,0,0,0,0,0,0,0,0,1,0.75,0
23,15,0,2,0,0,2,0,0,0.0,0,0,1,1,0,0,0,0,3.7623,0.1667,0.8333,7,4.5,0,0,0,0,0,0,0,0,1,0.5714,0
48,15,25,2,2,0,4,0,4,0.0833,0,0,1,1,0,0,0,1,4.2878,0.2571,0.7429,7,5.0,0,0,0,0,0,0,2,0,1,0.0,0
30,17,5,2,0,0,3,0,0,0.0,0,0,1,1,0,0,0,0,3.8696,0.2917,0.7083,9,4.8,0,0,0,0,0,0,1,0,1,0.5556,0
20,12,0,2,0,0,2,0,0,0.0,0,0,1,1,0,0,0,0,3.7842,0.2,0.8,5,3.75,0,0,0,0,0,0,0,0,1,0.7143,0
30,14,8,2,0,0,3,0,0,0.0,0,0,1,1,0,0,0,0,4.0981,0.25,0.75,7,4.8,0,0,0,0,0,0,1,0,1,0.625,0
34,21,5,2,0,0,3,0,0,0.0,0,0,1,1,0,0,0,0,4.0209,0.2143,0.7857,13,5.6,0,0,0,0,0,0,1,0,1,0.6923,0
27,11,8,2,0,0,3,0,0,0.0,0,0,1,1,0,0,0,0,3.8562,0.2857,0.7143,7,4.2,0,0,0,0,0,0,1,0,1,0.6667,0
26,18,0,2,0,0,2,0,0,0.0,0,0,1,1,0,0,0,0,3.8253,0.2381,0.7619,10,5.25,0,0,0,0,0,0,0,0,1,0.7,0
33,16,9,2,0,0,3,0,0,0.0,0,0,1,1,0,0,0,1,3.9603,0.2222,0.7778,8,5.4,0,0,0,0,0,0,1,0,1,0.0,0
49,17,24,1,0,0,5,0,0,0.0,0,0,1,0,0,0,0,0,4.3191,0.2857,0.7143,13,7.0,0,0,0,0,0,0,3,0,0,0.6923,0
31,17,6,2,0,0,3,0,0,0.0,0,0,1,1,0,0,0,1,3.7357,0.2,0.8,9,5.0,0,1,0,0,0,0,1,0,1,0.0,0
22,14,0,2,0,0,2,0,0,0.0,0,0,1,1,0,0,0,0,3.7544,0.2353,0.7647,6,4.25,0,0,0,0,0,0,0,0,1,0.6667,0
25,17,0,2,0,0,2,0,0,0.0,0,0,1,1,0,0,0,0,3.8635,0.15,0.85,9,5.0,0,0,0,0,0,0,0,0,1,0.6667,0
25,17,0,2,0,0,2,0,0,0.0,0,0,1,1,0,0,0,0,3.7835,0.25,0.75,9,5.0,0,1,0,0,0,0,0,0,1,0.5556,0
26,18,0,2,0,0,2,0,0,0.0,0,0,1,1,0,0,0,0,3.8731,0.2381,0.7619,10,5.25,0,0,0,0,0,0,0,0,1,0.6,0
19,11,0,2,0,0,2,0,0,0.0,0,0,1,1,0,0,0,0,3.6819,0.0714,0.9286,5,3.5,0,0,0,0,0,0,0,0,1,0.5714,0
29,21,0,2,1,0,2,0,0,0.0,0,0,1,1,0,0,0,0,4.0044,0.2174,0.7826,8,4.6,0,0,0,0,0,0,0,0,1,0.7692,0
37,21,8,2,0,0,3,0,0,0.0,0,0,1,1,0,0,1,0,4.0539,0.2581,0.7419,13,6.2,0,0,0,0,0,0,1,0,1,0.6923,0
21,13,0,2,0,0,2,0,0,0.0,0,0,1,1,0,0,0,0,3.7849,0.25,0.75,5,4.0,0,0,0,0,0,0,0,0,1,0.7143,0
30,17,5,2,0,0,3,0,0,0.0,0,0,1,1,0,0,0,1,3.7144,0.2083,0.7917,9,4.8,0,1,0,0,0,0,1,0,1,0.0,0
26,14,4,2,0,0,3,0,0,0.0,0,0,1,1,0,0,0,1,3.921,0.25,0.75,6,4.0,0,0,0,0,0,0,1,0,1,0.0,0
22,14,0,2,0,0,2,0,0,0.0,0,0,1,1,0,0,0,0,3.6978,0.2353,0.7647,6,4.25,0,0,0,0,0,0,0,0,1,0.3333,0
20,12,0,2,0,0,2,0,0,0.0,0,0,1,1,0,0,0,0,3.5842,0.2,0.8,5,3.75,0,0,0,0,0,0,0,0,1,0.6667,0
43,15,6,2,0,0,3,0,2,0.0465,0,0,1,1,0,0,0,0,4.4258,0.1818,0.8182,7,3.6667,0,0,0,0,1,13,1,0,1,0.7143,0
33,17,8,2,0,0,3,0,0,0.0,0,0,1,1,0,0,0,1,3.9226,0.2222,0.7778,9,5.4,0,0,0,0,0,0,1,0,1,0.0,0
23,15,0,2,0,0,2,0,0,0.0,0,0,1,1,0,0,0,1,3.4971,0.1667,0.8333,7,4.5,0,0,0,0,0,0,0,0,1,0.0,0
33,17,8,2,0,0,3,0,0,0.0,0,0,1,1,0,0,1,0,4.0667,0.3333,0.6667,9,5.4,0,0,0,0,0,0,1,0,1,0.5556,0
27,14,5,2,0,0,3,0,0,0.0,0,0,1,1,0,0,0,0,3.6801,0.1905,0.8095,6,4.2,0,0,0,0,0,0,1,0,1,0.7,0
32,14,10,2,0,0,3,0,0,0.0,0,0,1,1,0,0,0,0,3.9917,0.2308,0.7692,9,5.2,0,1,0,0,0,0,1,0,1,0.625,0
27,15,4,2,0,0,3,0,0,0.0,0,0,1,1,0,0,0,0,3.9303,0.3333,0.6667,7,4.2,0,0,0,0,0,0,1,0,1,0.7143,0
20,12,0,2,0,0,2,0,0,0.0,0,0,1,1,0,0,0,0,3.5842,0.2,0.8,5,3.75,0,0,0,0,0,0,0,0,1,0.7143,0
24,16,0,2,0,0,2,0,0,0.0,0,0,1,1,0,0,0,0,3.7202,0.1579,0.8421,8,4.75,0,0,0,0,0,0,0,0,1,0.6923,0
28,11,9,2,0,0,3,0,0,0.0,0,0,1,1,0,0,0,0,3.744,0.2273,0.7727,8,4.4,0,0,0,0,0,0,1,0,1,0.6667,0
26,18,0,2,0,0,2,0,0,0.0,0,0,1,1,0,0,0,0,3.7962,0.2381,0.7619,10,5.25,0,0,0,0,0,0,0,0,1,0.7,0
22,14,0,2,0,0,2,0,0,0.0,0,0,1,1,0,0,0,0,3.6978,0.1765,0.8235,6,4.25,0,1,0,0,0,0,0,0,1,0.7143,0
18,10,0,2,0,0,2,0,1,0.0556,0,0,1,1,0,0,0,0,3.4613,0.0833,0.9167,5,3.0,0,0,0,0,0,0,0,0,1,0.8333,0
30,14,8,2,0,0,3,0,0,0.0,0,0,1,1,0,0,0,1,4.0981,0.25,0.75,7,4.8,0,0,0,0,0,0,1,0,1,0.0,0
26,18,0,2,0,0,2,0,0,0.0,0,0,1,1,0,0,0,0,3.8441,0.2381,0.7619,10,5.25,0,0,0,0,0,0,0,0,1,0.6,0
23,15,0,2,0,0,2,0,0,0.0,0,0,1,1,0,0,0,0,3.882,0.2222,0.7778,7,4.5,0,0,0,0,0,0,0,0,1,0.6923,0
21,13,0,2,0,0,2,0,0,0.0,0,0,1,1,0,0,0,0,3.3321,0.25,0.75,6,4.0,0,0,0,0,0,0,0,0,1,0.5714,0
32,18,6,2,0,0,3,0,0,0.0,0,0,1,1,0,0,0,0,4.007,0.3077,0.6923,10,5.2,0,0,0,0,0,0,1,0,1,0.6,0
27,19,0,2,0,0,2,0,0,0.0,0,0,1,1,0,0,0,0,4.1064,0.2273,0.7727,11,5.5,0,0,0,0,0,0,0,0,1,0.7273,0
38,17,13,2,0,0,5,0,3,0.0789,0,0,1,1,0,0,0,1,4.429,0.1852,0.8148,9,3.8571,0,0,0,0,0,0,2,0,1,0.0,0
22,14,0,2,0,0,2,0,0,0.0,0,0,1,1,0,0,0,0,3.7544,0.1765,0.8235,6,4.25,0,0,0,0,0,0,0,0,1,0.7143,0
22,14,0,2,0,0,2,0,0,0.0,0,0,1,1,0,0,0,1,3.7888,0.2353,0.7647,6,4.25,0,0,0,0,0,0,0,0,1,0.0,0
24,16,0,2,0,0,2,0,0,0.0,0,0,1,1,0,0,0,0,3.6887,0.2105,0.7895,8,4.75,0,0,0,0,0,0,0,0,1,0.75,0
21,13,0,2,0,0,2,0,0,0.0,0,0,1,1,0,0,0,0,3.749,0.1875,0.8125,5,4.0,0,0,0,0,0,0,0,0,1,0.5714,0
31,15,8,2,0,0,3,0,0,0.0,0,0,1,1,0,0,0,1,4.0826,0.24,0.76,7,5.0,0,0,0,0,0,0,1,0,1,0.0,0
23,15,0,2,0,0,2,0,0,0.0,0,0,1,1,0,0,0,0,3.6753,0.2222,0.7778,7,4.5,0,0,0,0,0,0,0,0,1,0.75,0
31,15,8,2,0,0,3,0,0,0.0,0,0,1,1,0,0,1,1,4.0424,0.24,0.76,7,5.0,0,0,0,0,0,0,1,0,1,0.0,0
22,14,0,2,0,0,2,0,0,0.0,0,0,1,1,0,0,0,1,3.6635,0.1765,0.8235,6,4.25,0,0,0,0,0,0,0,0,1,0.0,0
33,15,10,2,0,0,3,0,0,0.0,0,0,1,1,0,0,0,1,3.9226,0.2593,0.7407,9,5.4,0,0,0,0,0,0,1,0,1,0.0,0
31,17,6,2,0,0,3,0,0,0.0,0,0,1,1,0,0,0,0,3.9779,0.36,0.64,9,5.0,0,0,0,0,0,0,1,0,1,0.5556,0
21,13,0,2,0,0,2,0,0,0.0,0,0,1,1,0,0,0,0,3.4633,0.1875,0.8125,5,4.0,0,0,0,0,0,0,0,0,1,0.6667,0
23,14,1,2,0,0,3,0,0,0.0,0,0,1,1,0,0,0,0,3.6425,0.1765,0.8235,6,4.25,0,0,0,0,0,0,0,0,1,0.7,0
25,17,0,2,0,0,2,0,0,0.0,0,0,1,1,0,0,0,0,3.7337,0.2,0.8,9,5.0,0,1,0,0,0,0,0,0,1,0.6667,0
43,16,19,2,2,0,4,0,6,0.1395,0,0,1,1,0,0,0,1,4.4434,0.2857,0.7143,8,4.0,0,0,0,0,0,0,2,0,1,0.0,0
46,16,22,2,0,1,4,0,0,0.0,0,0,1,1,0,0,0,0,4.1234,0.3947,0.6053,9,5.4286,0,0,0,0,0,0,2,0,0,0.75,0
22,14,0,2,0,0,2,0,0,0.0,0,0,1,1,0,0,0,0,3.7544,0.2353,0.7647,6,4.25,0,0,0,0,0,0,0,0,1,0.625,0
28,14,6,2,0,0,3,0,0,0.0,0,0,1,1,0,0,0,0,3.8249,0.2727,0.7273,6,4.4,0,0,0,0,0,0,1,0,1,0.7143,0
30,14,8,2,0,0,3,0,0,0.0,0,0,1,1,0,0,1,1,3.8729,0.2917,0.7083,7,4.8,0,0,0,0,0,0,1,0,1,0.0,0
39,11,7,2,0,0,3,0,0,0.0,0,0,1,1,0,0,0,0,4.3168,0.2581,0.7419,10,4.4286,0,0,0,0,1,12,1,0,1,0.6667,0
20,12,0,2,0,0,2,0,0,0.0,0,0,1,1,0,0,0,0,3.4464,0.1333,0.8667,5,3.75,0,0,0,0,0,0,0,0,1,0.75,0
31,14,9,2,0,0,3,0,0,0.0,0,0,1,1,0,0,0,0,3.8615,0.2,0.8,8,5.0,0,0,0,0,0,0,1,0,1,0.7,0
23,15,0,2,0,0,2,0,0,0.0,0,0,1,1,0,0,0,0,3.6212,0.2222,0.7778,7,4.5,0,0,0,0,0,0,0,0,1,0.5714,0
43,14,21,2,0,0,4,0,0,0.0,0,0,1,1,0,0,0,0,4.1734,0.2778,0.7222,11,6.0,0,0,0,0,0,0,2,0,1,0.7143,0
34,16,10,2,0,0,3,0,0,0.0,0,0,1,1,0,0,0,1,3.9764,0.3214,0.6786,9,5.6,0,0,0,0,0,0,1,0,1,0.0,0
26,13,5,2,0,0,3,0,0,0.0,0,0,1,1,0,0,0,0,3.6133,0.25,0.75,6,4.0,0,0,0,0,0,0,1,0,1,0.5714,0
27,14,5,2,0,0,3,0,0,0.0,0,0,1,1,0,0,0,1,3.708,0.2381,0.7619,6,4.2,0,0,0,0,0,0,1,0,1,0.0,0
51,18,25,2,2,0,4,0,4,0.0784,0,0,1,1,0,0,0,0,4.2,0.2895,0.7105,10,5.4286,0,0,0,0,0,0,2,0,1,0.6,0
26,13,5,2,0,0,3,0,0,0.0,0,0,1,1,0,0,0,1,3.7672,0.2,0.8,5,4.0,0,0,0,0,0,0,1,0,1,0.0,0
25,17,0,2,0,0,2,0,0,0.0,0,0,1,1,0,0,0,0,3.5933,0.25,0.75,9,5.0,0,1,0,0,0,0,0,0,1,0.6667,0
45,10,27,1,2,0,4,1,3,0.0667,1,0,1,0,0,0,0,0,4.2946,0.3636,0.6364,7,4.7143,0,0,0,0,0,0,2,0,0,0.625,0
31,14,9,2,0,0,3,0,0,0.0,0,0,1,1,0,0,0,0,3.8647,0.24,0.76,8,5.0,0,0,0,0,0,0,1,0,1,0.7,0
18,10,0,2,0,0,2,0,0,0.0,0,0,1,1,0,0,0,0,3.5724,0.1538,0.8462,5,3.25,0,0,0,0,0,0,0,0,1,0.8333,0
21,13,0,2,0,0,2,0,0,0.0,0,0,1,1,0,0,0,0,3.7849,0.1875,0.8125,5,4.0,0,0,0,0,0,0,0,0,1,0.75,0
32,15,9,2,0,0,3,0,0,0.0,0,0,1,1,0,0,0,1,3.9292,0.2308,0.7692,8,5.2,0,0,0,0,0,0,1,0,1,0.0,0
32,16,8,2,0,0,3,0,0,0.0,0,0,1,1,0,0,0,1,4.0542,0.2308,0.7692,8,5.2,0,0,0,0,0,0,1,0,1,0.0,0
24,16,0,2,0,0,2,0,0,0.0,0,0,1,1,0,0,0,0,3.8868,0.2105,0.7895,8,4.75,0,0,0,0,0,0,0,0,1,0.75,0
24,16,0,2,0,0,2,0,0,0.0,0,0,1,1,0,0,0,0,3.8868,0.2632,0.7368,8,4.75,0,0,0,0,0,0,0,0,1,0.5,0
21,13,0,2,0,0,2,0,0,0.0,0,0,1,1,0,0,0,0,3.6897,0.25,0.75,5,4.0,0,0,0,0,0,0,0,0,1,0.625,0
27,14,5,2,0,0,3,0,0,0.0,0,0,1,1,0,0,0,1,3.764,0.2381,0.7619,6,4.2,0,0,0,0,0,0,1,0,1,0.0,0
23,14,1,2,0,0,3,0,0,0.0,0,0,1,1,0,0,0,1,3.6753,0.2353,0.7647,6,4.25,0,0,0,0,0,0,0,0,1,0.0,0
30,13,9,2,0,0,3,0,0,0.0,0,0,1,1,0,0,0,1,3.8729,0.2083,0.7917,8,4.8,0,0,0,0,0,0,1,0,1,0.0,0
21,13,0,2,0,0,2,0,0,0.0,0,0,1,1,0,0,0,0,3.1728,0.0625,0.9375,6,4.0,0,0,0,0,0,0,0,0,1,0.4286,0
40,10,22,1,0,0,4,0,0,0.0,0,0,1,0,0,0,0,0,4.0726,0.2647,0.7353,10,6.8,0,0,0,0,0,0,2,0,0,0.7143,0
44,15,21,2,0,0,4,0,0,0.0,0,0,1,1,0,0,0,1,4.0987,0.2703,0.7297,11,6.1667,0,0,0,0,0,0,2,0,1,0.0,0
22,14,0,2,0,0,2,0,0,0.0,0,0,1,1,0,0,0,0,3.8454,0.2353,0.7647,6,4.25,0,0,0,0,0,0,0,0,1,0.7143,0
21,13,0,2,0,0,2,0,0,0.0,0,0,1,1,0,0,0,0,3.6897,0.1875,0.8125,5,4.0,0,0,0,0,0,0,0,0,1,0.5,0
34,17,9,2,0,0,3,0,0,0.0,0,0,1,1,0,0,0,1,3.9398,0.2857,0.7143,9,5.6,0,1,0,0,0,0,1,0,1,0.0,0
48,18,10,2,0,0,3,0,3,0.0625,0,0,1,1,0,0,0,1,4.3533,0.3514,0.6486,9,5.2857,0,0,0,0,1,11,1,0,0,0.7143,0
26,18,0,2,0,0,2,0,0,0.0,0,0,1,1,0,0,0,0,4.027,0.1905,0.8095,10,5.25,0,0,0,0,0,0,0,0,1,0.7,0
24,11,5,2,0,0,3,0,0,0.0,0,0,1,1,0,0,0,0,3.6258,0.2222,0.7778,5,3.6,0,0,0,0,0,0,1,0,1,0.6667,0
44,15,21,2,0,0,4,0,0,0.0,0,0,1,1,0,0,0,0,4.133,0.3243,0.6757,11,6.1667,0,0,0,0,0,0,2,0,1,0.7143,0
21,13,0,2,0,0,2,0,0,0.0,0,0,1,1,0,0,0,1,3.5585,0.25,0.75,5,4.0,0,0,0,0,0,0,0,0,1,0.0,0
23,15,0,2,0,0,2,0,0,0.0,0,0,1,1,0,0,0,0,3.7951,0.1111,0.8889,7,4.5,0,0,0,0,0,0,0,0,1,0.75,0
31,14,9,2,0,0,3,0,0,0.0,0,0,1,1,0,0,0,0,3.8615,0.2,0.8,8,5.0,0,0,0,0,0,0,1,0,1,0.7143,0
28,15,5,2,0,0,3,0,0,0.0,0,0,1,1,0,0,0,1,3.7534,0.1818,0.8182,7,4.4,0,0,0,0,0,0,1,0,1,0.0,0
32,15,9,2,0,0,3,0,0,0.0,0,0,1,1,0,0,0,1,4.0695,0.2308,0.7692,8,5.2,0,0,0,0,0,0,1,0,1,0.0,0
26,13,5,2,0,0,3,0,0,0.0,0,0,1,1,0,0,0,0,3.9501,0.2,0.8,5,4.0,0,0,0,0,0,0,1,0,1,0.75,0
34,17,9,2,0,0,3,0,0,0.0,0,0,1,1,0,0,0,1,3.8588,0.25,0.75,9,5.6,0,1,0,0,0,0,1,0,1,0.0,0
25,13,4,2,0,0,3,0,0,0.0,0,0,1,1,0,0,0,1,3.9435,0.2632,0.7368,5,3.8,0,0,0,0,0,0,1,0,1,0.0,0
20,12,0,2,0,0,2,0,0,0.0,0,0,1,1,0,0,0,0,3.7842,0.2,0.8,5,3.75,0,0,0,0,0,0,0,0,1,0.625,0
31,14,9,2,0,0,3,0,0,0.0,0,0,1,1,0,0,0,0,4.0668,0.28,0.72,8,5.0,0,0,0,0,0,0,1,0,1,0.7143,0
19,11,0,2,0,0,2,0,0,0.0,0,0,1,1,0,0,0,0,3.5766,0.1429,0.8571,5,3.5,0,0,0,0,0,0,0,0,1,0.75,0
25,13,4,2,0,0,3,0,0,0.0,0,0,1,1,0,0,0,0,3.7835,0.2105,0.7895,5,3.8,0,0,0,0,0,0,1,0,1,0.625,0
49,14,27,2,0,0,6,0,9,0.1837,0,0,1,1,0,0,0,1,4.2878,0.3226,0.6774,7,3.875,0,0,0,0,0,0,4,0,0,0.4,0
21,13,0,2,0,0,2,0,0,0.0,0,0,1,1,0,0,0,0,3.7849,0.1875,0.8125,5,4.0,0,0,0,0,0,0,0,0,1,0.8,0
25,13,4,2,0,0,3,0,0,0.0,0,0,1,1,0,0,0,0,3.7533,0.2632,0.7368,5,3.8,0,0,0,0,0,0,1,0,1,0.6667,0
23,15,0,2,0,0,2,0,0,0.0,0,0,1,1,0,0,0,0,3.8492,0.2222,0.7778,7,4.5,0,0,0,0,0,0,0,0,1,0.7143,0
29,21,0,2,0,0,2,0,0,0.0,0,0,1,1,0,0,0,1,4.1163,0.2917,0.7083,13,6.0,0,0,0,0,0,0,0,0,1,0.0,0
47,14,25,2,2,0,4,0,4,0.0851,0,0,1,1,0,0,0,1,4.2381,0.2941,0.7059,7,4.8571,0,0,0,0,0,0,2,0,1,0.0,0
26,13,5,2,0,0,3,0,0,0.0,0,0,1,1,0,0,0,0,3.8731,0.15,0.85,5,4.0,0,0,0,0,0,0,1,0,1,0.625,0
29,13,8,2,0,0,3,0,0,0.0,0,0,1,1,0,0,0,0,3.6673,0.2609,0.7391,7,4.6,0,0,0,0,0,0,1,0,1,0.5714,0
28,20,0,2,0,0,2,0,0,0.0,0,0,1,1,0,0,0,0,3.6375,0.2174,0.7826,12,5.75,0,0,0,0,0,0,0,0,1,0.5833,0
34,17,9,2,0,0,3,0,0,0.0,0,0,1,1,0,0,0,1,3.9369,0.25,0.75,9,5.6,0,1,0,0,0,0,1,0,1,0.0,0
24,16,0,2,0,0,2,0,0,0.0,0,0,1,1,0,0,0,1,3.8554,0.2105,0.7895,8,4.75,0,0,0,0,0,0,0,0,1,0.0,0
41,13,7,2,0,0,3,0,0,0.0,0,0,1,1,0,0,0,0,4.1531,0.2727,0.7273,10,4.7143,0,0,0,0,1,12,1,0,1,0.5714,0
32,13,11,2,0,0,3,0,0,0.0,0,0,1,1,0,0,0,0,4.0542,0.2692,0.7308,10,5.2,0,0,0,0,0,0,1,0,1,0.6667,0
21,13,0,2,0,0,2,0,0,0.0,0,0,1,1,0,0,0,0,3.4992,0.25,0.75,5,4.0,0,0,0,0,0,0,0,0,1,0.75,0
31,13,10,2,0,0,3,0,0,0.0,0,0,1,1,0,0,0,0,4.0424,0.28,0.72,9,5.0,0,0,0,0,0,0,1,0,1,0.75,0
25,17,0,2,0,0,2,0,0,0.0,0,0,1,1,0,0,0,0,3.7337,0.2,0.8,9,5.0,0,1,0,0,0,0,0,0,1,0.4444,0
26,13,5,2,0,0,3,0,0,0.0,0,0,1,1,0,0,0,0,3.9501,0.2,0.8,5,4.0,0,0,0,0,0,0,1,0,1,0.75,0
36,14,14,2,0,0,4,0,3,0.0833,0,0,1,1,0,0,0,1,4.2947,0.1538,0.8462,6,3.25,0,0,0,0,0,0,2,0,1,0.0,0
30,21,1,2,0,0,3,0,0,0.0,0,0,1,1,0,0,0,0,3.9647,0.2083,0.7917,13,6.0,0,0,0,0,0,0,0,0,1,0.6923,0
21,13,0,2,0,0,2,0,0,0.0,0,0,1,1,0,0,0,0,3.6897,0.25,0.75,5,4.0,0,0,0,0,0,0,0,0,1,0.75,0
46,13,25,2,2,0,4,0,4,0.087,0,0,1,1,0,0,0,1,4.1621,0.2727,0.7273,7,4.7143,0,0,0,0,0,0,2,0,1,0.0,0
24,16,0,2,0,0,2,0,0,0.0,0,0,1,1,0,0,0,0,4.0535,0.1579,0.8421,8,4.75,0,0,0,0,0,0,0,0,1,0.7,0
32,14,10,2,0,0,3,0,0,0.0,0,0,1,1,0,0,0,1,3.8431,0.3077,0.6923,9,5.2,0,0,0,0,0,0,1,0,1,0.0,0
34,17,9,2,0,0,3,0,0,0.0,0,0,1,1,0,0,0,1,4.0575,0.2857,0.7143,9,5.6,0,0,0,0,0,0,1,0,1,0.0,0
25,17,0,2,0,0,2,0,0,0.0,0,0,1,1,0,0,0,0,3.8137,0.25,0.75,9,5.0,0,0,0,0,0,0,0,0,1,0.6667,0
23,15,0,2,0,0,2,0,0,0.0,0,0,1,1,0,0,0,0,3.6212,0.1667,0.8333,7,4.5,0,1,0,0,0,0,0,0,1,0.6,0
24,16,0,2,0,0,2,0,0,0.0,0,0,1,1,0,0,0,1,3.4387,0.1579,0.8421,8,4.75,0,0,0,0,0,0,0,0,1,0.0,0
27,15,4,2,0,0,3,0,0,0.0,0,0,1,1,0,0,0,1,3.9023,0.2381,0.7619,7,4.2,0,0,0,0,0,0,1,0,1,0.0,0
21,13,0,2,0,0,2,0,0,0.0,0,0,1,1,0,0,0,0,3.7849,0.1875,0.8125,5,4.0,0,0,0,0,0,0,0,0,1,0.7143,0
26,13,5,2,0,0,3,0,0,0.0,0,0,1,1,0,0,0,1,3.7672,0.25,0.75,5,4.0,0,0,0,0,0,0,1,0,1,0.0,0
22,14,0,2,0,0,2,0,0,0.0,0,0,1,1,0,0,0,0,3.8797,0.1765,0.8235,6,4.25,0,0,0,0,0,0,0,0,1,0.625,0
22,14,0,2,0,0,2,0,0,0.0,0,0,1,1,0,0,0,0,3.6635,0.1765,0.8235,6,4.25,0,0,0,0,0,0,0,0,1,0.625,0
43,14,21,2,0,0,4,0,0,0.0,0,0,1,1,0,0,0,0,3.9873,0.2778,0.7222,11,6.0,0,0,0,0,0,0,2,0,1,0.7,0
25,13,4,2,0,0,3,0,0,0.0,0,0,1,1,0,0,0,1,3.8635,0.3158,0.6842,5,3.8,0,0,0,0,0,0,1,0,1,0.0,0
44,16,7,2,0,0,3,0,0,0.0,0,0,1,1,0,0,0,1,4.3371,0.2778,0.7222,10,5.1429,0,0,0,0,1,12,1,0,1,0.0,0
19,11,0,2,0,0,2,0,0,0.0,0,0,1,1,0,0,0,0,3.6819,0.1429,0.8571,5,3.5,0,0,0,0,0,0,0,0,1,0.7778,0
31,13,10,2,0,0,3,0,0,0.0,0,0,1,1,0,0,0,0,3.9378,0.24,0.76,9,5.0,0,0,0,0,0,0,1,0,1,0.6667,0
32,15,9,2,0,0,3,0,0,0.0,0,0,1,1,0,0,0,0,3.9681,0.3462,0.6538,8,5.2,0,0,0,0,0,0,1,0,1,0.7143,0
23,15,0,2,0,0,2,0,0,0.0,0,0,1,1,0,0,0,0,3.7623,0.2222,0.7778,7,4.5,0,0,0,0,0,0,0,0,1,0.7,0
24,16,0,2,0,0,2,0,0,0.0,0,0,1,1,0,0,0,0,4.0535,0.2105,0.7895,8,4.75,0,0,0,0,0,0,0,0,1,0.6923,0
46,11,27,1,0,0,5,0,10,0.2174,0,0,1,0,0,0,0,1,4.4961,0.2759,0.7241,8,5.8,0,0,0,0,0,0,3,0,0,0.0,0
36,17,11,2,0,0,3,0,0,0.0,0,0,1,1,0,0,0,1,4.0095,0.2667,0.7333,10,6.0,0,1,0,0,0,0,1,0,1,0.0,0
34,18,8,2,0,0,3,0,0,0.0,0,0,1,1,0,0,1,0,3.9764,0.2857,0.7143,10,5.6,0,0,0,0,0,0,1,0,1,0.6,0
23,15,0,2,0,0,2,0,0,0.0,0,0,1,1,0,0,0,0,3.7623,0.2222,0.7778,7,4.5,0,1,0,0,0,0,0,0,1,0.5556,0
28,15,5,2,0,0,3,0,0,0.0,0,0,1,1,0,0,0,1,3.7943,0.1818,0.8182,7,4.4,0,0,0,0,0,0,1,0,1,0.0,0
21,13,0,2,0,0,2,0,0,0.0,0,0,1,1,0,0,0,0,3.6897,0.1875,0.8125,5,4.0,0,0,0,0,0,0,0,0,1,0.6667,0
23,15,0,2,0,0,2,0,0,0.0,0,0,1,1,0,0,0,1,3.654,0.2778,0.7222,6,4.5,0,0,0,0,0,0,0,0,0,0.6,0
25,17,0,2,0,0,2,0,0,0.0,0,0,1,1,0,0,0,0,3.6537,0.15,0.85,9,5.0,0,0,0,0,0,0,0,0,1,0.7778,0
25,13,4,2,0,0,3,0,0,0.0,0,0,1,1,0,0,0,0,3.7835,0.2632,0.7368,5,3.8,0,0,0,0,0,0,1,0,1,0.75,0
35,18,9,2,0,0,3,0,0,0.0,0,0,1,1,0,0,0,0,3.99,0.2414,0.7586,10,5.8,0,0,0,0,0,0,1,0,1,0.6,0
31,17,6,2,0,0,3,0,0,0.0,0,0,1,1,0,0,0,1,3.9779,0.28,0.72,9,5.0,0,0,0,0,0,0,1,0,1,0.0,0
34,17,9,2,0,0,3,0,0,0.0,0,0,1,1,0,0,0,1,3.8781,0.2143,0.7857,9,5.6,0,0,0,0,0,0,1,0,1,0.0,0
29,13,8,2,0,0,3,0,0,0.0,0,0,1,1,0,0,1,0,3.8144,0.2174,0.7826,7,4.6,0,0,0,0,0,0,1,0,1,0.625,0
40,21,11,2,0,0,3,0,0,0.0,0,0,1,1,0,0,0,0,4.0653,0.2647,0.7353,13,6.8,0,0,0,0,0,0,1,0,1,0.6923,0
31,13,10,2,0,0,3,0,0,0.0,0,0,1,1,0,0,0,1,3.8647,0.28,0.72,9,5.0,0,0,0,0,0,0,1,0,1,0.0,0
19,11,0,2,0,0,2,0,0,0.0,0,0,1,1,0,0,0,0,3.5766,0.0714,0.9286,5,3.5,0,0,0,0,0,0,0,0,1,0.8,0
24,16,0,2,0,0,2,0,0,0.0,0,0,1,1,0,0,0,0,4.0535,0.3158,0.6842,8,4.75,0,0,0,0,0,0,0,0,1,0.6923,0
24,16,0,2,0,0,2,0,0,0.0,0,0,1,1,0,0,0,0,3.8035,0.2632,0.7368,8,4.75,0,0,0,0,0,0,0,0,1,0.75,0
49,16,25,2,2,0,4,0,4,0.0816,0,0,1,1,0,0,0,1,4.3366,0.3056,0.6944,8,5.1429,0,0,0,0,0,0,2,0,1,0.0,0
29,13,8,2,0,0,3,0,0,0.0,0,0,1,1,0,0,0,1,3.9783,0.2174,0.7826,7,4.6,0,0,0,0,0,0,1,0,1,0.0,0
47,14,25,2,2,0,4,0,4,0.0851,0,0,1,1,0,0,0,0,4.3414,0.2647,0.7353,7,4.8571,0,0,0,0,0,0,2,0,1,0.7143,0
22,14,0,2,0,0,2,0,0,0.0,0,0,1,1,0,0,0,0,3.7888,0.2353,0.7647,6,4.25,0,0,0,0,0,0,0,0,1,0.75,0
26,18,0,2,0,0,2,0,0,0.0,0,0,1,1,0,0,0,0,4.056,0.2381,0.7619,10,5.25,0,0,0,0,0,0,0,0,1,0.6923,0
23,15,0,2,0,0,2,0,0,0.0,0,0,1,1,0,0,0,0,3.6753,0.2222,0.7778,7,4.5,0,0,0,0,0,0,0,0,1,0.7143,0
20,12,0,2,0,0,2,0,0,0.0,0,0,1,1,0,0,0,0,3.5842,0.1333,0.8667,5,3.75,0,0,0,0,0,0,0,0,1,0.75,0
27,19,0,2,0,0,2,0,0,0.0,0,0,1,1,0,0,0,0,3.8842,0.2273,0.7727,11,5.5,0,0,0,0,0,0,0,0,1,0.7273,0
42,14,7,2,0,0,3,0,0,0.0,0,0,1,1,0,0,0,1,4.1806,0.2647,0.7353,10,4.8571,0,0,0,0,1,12,1,0,1,0.0,0
20,12,0,2,0,0,2,0,0,0.0,0,0,1,1,0,0,0,1,3.7842,0.2,0.8,5,3.75,0,0,0,0,0,0,0,0,1,0.0,0
20,12,0,2,0,0,2,0,0,0.0,0,0,1,1,0,0,0,0,3.7842,0.2,0.8,5,3.75,0,0,0,0,0,0,0,0,1,0.75,0
22,14,0,2,0,0,2,0,0,0.0,0,0,1,1,0,0,0,0,3.4817,0.2353,0.7647,6,4.25,0,0,0,0,0,0,0,0,1,0.7143,0
31,13,10,2,0,0,3,0,0,0.0,0,0,1,1,0,0,0,1,3.9292,0.32,0.68,9,5.0,0,0,0,0,0,0,1,0,1,0.0,0
21,13,0,3,0,0,2,0,0,0.0,0,0,1,2,0,0,0,0,3.5585,0.2,0.8,5,3.0,0,0,0,0,0,0,0,0,1,0.6,0
23,15,0,2,0,0,2,0,0,0.0,0,0,1,1,0,0,0,0,3.882,0.2778,0.7222,7,4.5,0,0,0,0,0,0,0,0,1,0.625,0
20,12,0,2,0,0,2,0,0,0.0,0,0,1,1,0,0,0,0,3.6842,0.1333,0.8667,5,3.75,0,0,0,0,0,0,0,0,1,0.6667,0
21,13,0,2,0,0,2,0,0,0.0,0,0,1,1,0,0,0,0,3.6897,0.1875,0.8125,5,4.0,0,0,0,0,0,0,0,0,1,0.75,0
26,18,0,2,0,0,2,0,0,0.0,0,0,1,1,0,0,0,1,3.9312,0.1905,0.8095,10,5.25,0,0,0,0,0,0,0,0,1,0.0,0
30,14,8,2,0,0,3,0,0,0.0,0,0,1,1,0,0,0,1,3.6477,0.25,0.75,7,4.8,0,0,0,0,0,0,1,0,1,0.0,0
32,15,9,2,0,0,3,0,0,0.0,0,0,1,1,0,0,0,1,3.9917,0.2692,0.7308,8,5.2,0,0,0,0,0,0,1,0,1,0.0,0
31,15,8,2,0,0,3,0,0,0.0,0,0,1,1,0,0,1,1,3.9536,0.24,0.76,7,5.0,0,0,0,0,0,0,1,0,1,0.0,0
29,21,0,2,0,0,2,0,0,0.0,0,0,1,1,0,0,0,0,3.9783,0.2083,0.7917,13,6.0,0,0,0,0,0,0,0,0,1,0.6923,0
22,14,0,2,0,0,2,0,0,0.0,0,0,1,1,0,0,0,0,3.6978,0.1765,0.8235,6,4.25,0,0,0,0,0,0,0,0,1,0.6667,0
21,13,0,2,0,0,2,0,0,0.0,0,0,1,1,0,0,0,0,3.4992,0.125,0.875,5,4.0,0,0,0,0,0,0,0,0,1,0.75,0
34,15,11,2,0,0,3,0,0,0.0,0,0,1,1,0,0,0,1,3.9987,0.25,0.75,10,5.6,0,0,0,0,0,0,1,0,1,0.0,0
21,13,0,2,0,0,2,0,0,0.0,0,0,1,1,0,0,0,1,3.6538,0.1875,0.8125,5,4.0,0,0,0,0,0,0,0,0,1,0.0,0
22,14,0,2,0,0,2,0,0,0.0,0,0,1,1,0,0,0,1,3.6978,0.2353,0.7647,6,4.25,0,0,0,0,0,0,0,0,1,0.0,0
23,15,0,2,0,0,2,0,0,0.0,0,0,1,1,0,0,0,1,3.7623,0.1667,0.8333,7,4.5,0,0,0,0,0,0,0,0,1,0.0,0
22,14,0,2,0,0,2,0,0,0.0,0,0,1,1,0,0,0,0,3.7544,0.1176,0.8824,6,4.25,0,0,0,0,0,0,0,0,1,0.7143,0
19,11,0,2,0,0,2,0,0,0.0,0,0,1,1,0,0,0,0,3.5766,0.0714,0.9286,5,3.5,0,0,0,0,0,0,0,0,1,0.8,0
28,15,5,2,0,0,3,0,0,0.0,0,0,1,1,0,0,0,1,3.8963,0.1818,0.8182,7,4.4,0,0,0,0,0,0,1,0,1,0.0,0
24,16,0,2,0,0,2,0,0,0.0,0,0,1,1,0,0,0,0,3.5221,0.1579,0.8421,8,4.75,0,0,0,0,0,0,0,0,1,0.625,0
22,14,0,2,0,0,2,0,0,0.0,0,0,1,1,0,0,0,0,3.7544,0.1765,0.8235,6,4.25,0,0,0,0,0,0,0,0,1,0.4286,0
24,16,0,2,0,0,2,0,0,0.0,0,0,1,1,0,0,0,1,3.9702,0.2105,0.7895,8,4.75,0,0,0,0,0,0,0,0,1,0.0,0
33,15,10,2,0,0,3,0,0,0.0,0,0,1,1,0,0,0,1,3.8849,0.2222,0.7778,9,5.4,0,0,0,0,0,0,1,0,1,0.0,0
35,14,13,2,0,0,4,0,0,0.0,0,0,1,1,0,0,0,1,4.1719,0.3214,0.6786,7,4.6667,0,0,0,0,0,0,2,0,1,0.0,0
22,14,0,2,0,0,2,0,0,0.0,0,0,1,1,0,0,0,0,3.5726,0.2941,0.7059,6,4.25,0,0,0,0,0,0,0,0,1,0.6667,0
25,17,0,2,0,0,2,0,0,0.0,0,0,1,1,0,0,0,0,3.7337,0.25,0.75,9,5.0,0,0,0,0,0,0,0,0,1,0.5556,0
22,13,1,2,0,0,3,0,0,0.0,0,0,1,1,0,0,0,0,3.6635,0.1875,0.8125,5,4.0,0,0,0,0,0,0,0,0,1,0.6667,0
26,18,0,2,0,0,2,0,0,0.0,0,0,1,1,0,0,0,0,3.8441,0.1429,0.8571,10,5.25,0,0,0,0,0,0,0,0,1,0.8,0
19,11,0,2,0,0,2,0,0,0.0,0,0,1,1,0,0,0,0,3.6819,0.1429,0.8571,5,3.5,0,0,0,0,0,0,0,0,1,0.7143,0
28,11,9,2,0,0,3,0,0,0.0,0,0,1,1,0,0,0,0,3.8963,0.2727,0.7273,8,4.4,0,0,0,0,0,0,1,0,1,0.6667,0
27,13,6,2,0,0,3,0,0,0.0,0,0,1,1,0,0,0,0,3.8282,0.1429,0.8571,5,4.2,0,0,0,0,0,0,1,0,1,0.625,0
46,17,21,2,0,0,4,0,0,0.0,0,0,1,1,0,0,0,1,4.0486,0.2821,0.7179,11,6.5,0,1,0,0,0,0,2,0,1,0.0,0
29,16,5,2,0,0,3,0,0,0.0,0,0,1,1,0,0,0,1,3.9783,0.2174,0.7826,8,4.6,0,0,0,0,0,0,1,0,1,0.0,0
32,15,9,2,0,0,3,0,0,0.0,0,0,1,1,0,0,0,1,3.6914,0.2308,0.7692,8,5.2,0,0,0,0,0,0,1,0,1,0.0,0
32,16,8,2,0,0,3,0,0,0.0,0,0,1,1,0,0,1,1,4.0695,0.2692,0.7308,8,5.2,0,0,0,0,0,0,1,0,1,0.0,0
25,17,0,2,0,0,2,0,0,0.0,0,0,1,1,0,0,0,0,3.8137,0.25,0.75,9,5.0,0,0,0,0,0,0,0,0,1,0.6667,0
23,15,0,2,0,0,2,0,0,0.0,0,0,1,1,0,0,0,0,3.6753,0.2222,0.7778,7,4.5,0,0,0,0,0,0,0,0,1,0.7143,0
42,20,5,2,0,0,3,0,5,0.119,0,0,1,1,0,0,0,0,4.5109,0.3103,0.6897,11,4.8333,0,0,0,0,1,8,1,0,0,0.7143,0
27,14,5,2,0,0,3,0,0,0.0,0,0,1,1,0,0,0,0,3.8003,0.1905,0.8095,6,4.2,0,0,0,0,0,0,1,0,1,0.7,0
25,17,0,2,0,0,2,0,0,0.0,0,0,1,1,0,0,0,0,3.7533,0.2,0.8,9,5.0,0,0,0,0,0,0,0,0,1,0.7778,0
23,15,0,2,0,0,2,0,0,0.0,0,0,1,1,0,0,0,0,3.7623,0.1667,0.8333,7,4.5,0,0,0,0,0,0,0,0,1,0.7143,0
31,15,8,2,0,0,3,0,0,0.0,0,0,1,1,0,0,1,1,3.76,0.24,0.76,7,5.0,0,0,0,0,0,0,1,0,1,0.0,0
24,16,0,2,0,0,2,0,0,0.0,0,0,1,1,0,0,0,1,3.8554,0.2632,0.7368,8,4.75,0,0,0,0,0,0,0,0,1,0.0,0
32,15,9,2,0,0,3,0,0,0.0,0,0,1,1,0,0,0,0,3.9414,0.2692,0.7308,8,5.2,0,0,0,0,0,0,1,0,1,0.7143,0
50,14,7,2,0,0,3,0,0,0.0,1,0,1,1,0,0,0,1,4.346,0.2439,0.7561,11,5.125,0,0,0,0,1,20,1,0,1,0.0,0
19,11,0,2,0,0,2,0,0,0.0,0,0,1,1,0,0,0,0,3.4058,0.0714,0.9286,5,3.5,0,0,0,0,0,0,0,0,1,0.75,0
32,15,9,2,0,0,3,0,0,0.0,0,0,1,1,0,0,0,1,3.9025,0.2308,0.7692,8,5.2,0,0,0,0,0,0,1,0,1,0.0,0
28,16,4,2,0,0,3,0,0,0.0,0,0,1,1,0,0,0,1,3.9408,0.2727,0.7273,8,4.4,0,0,0,0,0,0,1,0,1,0.0,0
19,11,0,2,0,0,2,0,0,0.0,0,0,1,1,0,0,0,0,3.2608,0.1429,0.8571,5,3.5,0,0,0,0,0,0,0,0,1,0.6,0
43,14,21,2,0,0,4,0,0,0.0,0,0,1,1,0,0,0,1,4.1178,0.3056,0.6944,11,6.0,0,0,0,0,0,0,2,0,1,0.0,0
32,14,10,2,0,0,3,0,0,0.0,0,0,1,1,0,0,0,0,3.9681,0.2692,0.7308,9,5.2,0,0,0,0,0,0,1,0,1,0.7143,0
19,11,0,2,0,0,2,0,0,0.0,0,0,1,1,0,0,0,0,3.4714,0.0714,0.9286,5,3.5,0,0,0,0,0,0,0,0,1,0.75,0
33,16,9,2,0,0,3,0,0,0.0,0,0,1,1,0,0,0,1,4.0587,0.2963,0.7037,8,5.4,0,0,0,0,0,0,1,0,1,0.0,0
28,15,5,2,0,0,3,0,0,0.0,0,0,1,1,0,0,0,1,3.6515,0.1818,0.8182,7,4.4,0,0,0,0,0,0,1,0,1,0.0,0
38,21,9,2,0,0,3,0,0,0.0,0,0,1,1,0,0,0,0,4.0708,0.25,0.75,13,6.4,0,0,0,0,0,0,1,0,1,0.6923,0
20,12,0,2,0,0,2,0,0,0.0,0,0,1,1,0,0,0,0,3.4842,0.2667,0.7333,5,3.75,0,0,0,0,0,0,0,0,1,0.6,0
18,10,0,2,0,0,2,0,0,0.0,0,0,1,1,0,0,0,0,3.4613,0.0769,0.9231,5,3.25,0,0,0,0,0,0,0,0,1,0.75,0
20,12,0,2,0,0,2,0,0,0.0,0,0,1,1,0,0,0,0,3.5464,0.1333,0.8667,5,3.75,0,0,0,0,0,0,0,0,1,0.5,0
22,14,0,2,0,0,2,0,0,0.0,0,0,1,1,0,0,0,0,3.3222,0.1765,0.8235,6,4.25,0,0,0,0,0,0,0,0,1,0.6667,0
41,13,7,2,0,0,3,0,0,0.0,0,0,1,1,0,0,0,0,4.2715,0.2424,0.7576,10,4.7143,0,0,0,0,1,12,1,0,1,0.6667,0
22,14,0,2,0,0,2,0,0,0.0,0,0,1,1,0,0,0,0,3.7544,0.1765,0.8235,6,4.25,0,1,0,0,0,0,0,0,1,0.625,0
27,14,5,2,0,0,3,0,0,0.0,0,0,1,1,0,0,0,0,4.0043,0.2381,0.7619,6,4.2,0,0,0,0,0,0,1,0,1,0.625,0
23,15,0,2,0,0,2,0,0,0.0,0,0,1,1,0,0,0,0,3.7081,0.2222,0.7778,7,4.5,0,0,0,0,0,0,0,0,1,0.625,0
20,12,0,2,0,0,2,0,0,0.0,0,0,1,1,0,0,0,0,3.6464,0.0667,0.9333,5,3.75,0,1,0,0,0,0,0,0,1,0.7778,0
18,10,0,2,0,0,2,0,0,0.0,0,0,1,1,0,0,0,0,3.3502,0.0769,0.9231,5,3.25,0,0,0,0,0,0,0,0,1,0.8,0
46,17,21,2,0,0,4,0,0,0.0,0,0,1,1,0,0,0,0,4.1265,0.3333,0.6667,11,6.5,0,0,0,0,0,0,2,0,1,0.5556,0
32,16,8,2,0,0,3,0,0,0.0,0,0,1,1,0,0,0,1,3.9681,0.2692,0.7308,8,5.2,0,0,0,0,0,0,1,0,1,0.0,0
24,16,0,2,0,0,2,0,0,0.0,0,0,1,1,0,0,0,1,3.8035,0.3684,0.6316,7,4.75,0,0,0,0,0,0,0,0,0,0.0,0
34,13,13,2,0,0,4,0,0,0.0,0,0,1,1,0,0,0,0,4.1829,0.2963,0.7037,7,4.5,0,0,0,0,0,0,2,0,1,0.6667,0
44,21,15,2,1,0,5,0,0,0.0,0,0,1,1,0,0,0,0,4.3691,0.3429,0.6571,9,4.375,0,0,0,0,0,0,3,0,0,0.7778,0
22,13,1,2,0,0,3,0,0,0.0,0,0,1,1,0,0,0,0,3.3222,0.25,0.75,6,4.0,0,0,0,0,0,0,0,0,1,0.5714,0
25,17,0,2,0,0,2,0,0,0.0,0,0,1,1,0,0,0,1,3.6733,0.2,0.8,9,5.0,0,1,0,0,0,0,0,0,1,0.0,0
31,14,9,2,0,0,3,0,0,0.0,0,0,1,1,0,0,0,0,3.9536,0.28,0.72,8,5.0,0,0,0,0,0,0,1,0,1,0.625,0
41,15,18,3,0,0,5,0,1,0.0244,0,0,1,1,0,0,0,0,4.1411,0.1935,0.8065,7,4.4286,0,0,0,0,0,0,3,1,0,0.6,0
30,18,4,2,0,0,3,0,0,0.0,0,0,1,1,0,0,0,0,3.9647,0.25,0.75,10,4.8,0,0,0,0,0,0,1,0,1,0.6,0
27,19,0,2,0,0,2,0,0,0.0,0,0,1,1,0,0,0,0,4.1064,0.2727,0.7273,11,5.5,0,0,0,0,0,0,0,0,1,0.6364,0
34,16,10,2,0,0,3,0,0,0.0,0,0,1,1,0,0,0,1,4.0719,0.25,0.75,9,5.6,0,0,0,0,0,0,1,0,1,0.0,0
32,14,10,2,0,0,3,0,0,0.0,0,0,1,1,0,0,0,0,4.0306,0.2692,0.7308,9,5.2,0,0,0,0,0,0,1,0,1,0.625,0
44,11,25,2,1,0,4,0,8,0.1818,0,0,1,1,0,0,0,0,4.4989,0.1786,0.8214,10,4.6667,0,0,0,0,0,0,2,0,1,0.75,0
54,21,25,2,2,0,4,0,4,0.0741,0,0,1,1,0,0,0,0,4.3079,0.2683,0.7317,13,5.8571,0,0,0,0,0,0,2,0,1,0.6923,0
20,12,0,3,0,0,2,0,0,0.0,0,0,1,2,0,0,0,0,3.6464,0.2143,0.7857,5,2.8,0,0,0,0,0,0,0,0,1,0.7143,0
50,17,25,2,2,0,4,0,4,0.08,0,0,1,1,0,0,0,1,4.2386,0.2703,0.7297,9,5.2857,0,0,0,0,0,0,2,0,1,0.0,0
25,17,0,2,0,0,2,0,0,0.0,0,0,1,1,0,0,0,0,3.8635,0.2,0.8,9,5.0,0,0,0,0,0,0,0,0,1,0.6667,0
31,14,9,2,0,0,3,0,0,0.0,0,0,1,1,0,0,0,0,3.8615,0.2,0.8,8,5.0,0,1,0,0,0,0,1,0,1,0.625,0
27,14,5,2,0,0,3,0,0,0.0,0,0,1,1,0,0,0,0,3.8562,0.1905,0.8095,6,4.2,0,1,0,0,0,0,1,0,1,0.625,0
22,14,0,2,0,0,2,0,0,0.0,0,0,1,1,0,0,0,0,3.7888,0.1765,0.8235,6,4.25,0,0,0,0,0,0,0,0,1,0.6667,0
20,12,0,2,0,0,2,0,0,0.0,0,0,1,1,0,0,0,0,3.6842,0.2667,0.7333,5,3.75,0,0,0,0,0,0,0,0,1,0.6,0
31,14,9,2,0,0,3,0,0,0.0,0,0,1,1,0,0,0,0,3.889,0.24,0.76,8,5.0,0,0,0,0,0,0,1,0,1,0.625,0
22,14,0,2,0,0,2,0,0,0.0,0,0,1,1,0,0,0,1,3.6635,0.2353,0.7647,6,4.25,0,0,0,0,0,0,0,0,1,0.0,0
37,21,8,2,0,0,3,0,0,0.0,0,0,1,1,0,0,0,0,3.9856,0.2581,0.7419,13,6.2,0,0,0,0,0,0,1,0,1,0.6923,0
23,15,0,2,0,0,2,0,0,0.0,0,0,1,1,0,0,0,0,3.7081,0.1667,0.8333,7,4.5,0,0,0,0,0,0,0,0,1,0.2857,0
29,13,8,2,0,0,3,0,0,0.0,0,0,1,1,0,0,0,0,3.8144,0.2174,0.7826,7,4.6,0,0,0,0,0,0,1,0,1,0.75,0
22,14,0,2,0,0,2,0,0,0.0,0,0,1,1,0,0,0,0,3.8797,0.1765,0.8235,6,4.25,0,0,0,0,0,0,0,0,1,0.5,0
27,13,6,2,0,0,3,0,0,0.0,0,0,1,1,0,0,0,0,3.5879,0.3333,0.6667,6,4.2,0,0,0,0,0,0,1,0,1,0.5714,0
24,16,0,2,0,0,2,0,0,0.0,0,0,1,1,0,0,0,0,3.8554,0.2105,0.7895,8,4.75,0,0,0,0,0,0,0,0,1,0.75,0
41,13,7,2,0,0,3,0,0,0.0,0,0,1,1,0,0,0,0,4.2715,0.2121,0.7879,10,4.7143,0,0,0,0,1,12,1,0,1,0.625,0
27,19,0,2,0,0,2,0,0,0.0,0,0,1,1,0,0,0,1,3.9582,0.3182,0.6818,9,5.5,0,1,0,0,0,0,0,0,0,0.6,0
30,22,0,2,0,0,2,0,0,0.0,0,0,1,1,0,0,0,0,3.7232,0.32,0.68,12,6.25,0,0,0,0,0,0,0,0,0,0.6,0
31,15,8,2,0,0,3,0,0,0.0,0,0,1,1,0,0,0,1,4.0826,0.2,0.8,7,5.0,0,0,0,0,0,0,1,0,1,0.0,0
29,13,8,2,0,0,3,0,0,0.0,0,0,1,1,0,0,0,0,3.8573,0.2174,0.7826,7,4.6,0,0,0,0,0,0,1,0,1,0.6667,0
22,14,0,2,0,0,2,0,0,0.0,0,0,1,1,0,0,0,0,3.5726,0.1765,0.8235,6,4.25,0,0,0,0,0,0,0,0,1,0.6667,0
25,13,4,2,0,0,3,0,0,0.0,0,0,1,1,0,0,0,1,3.7035,0.2632,0.7368,5,3.8,0,0,0,0,0,0,1,0,1,0.0,0
21,13,0,2,0,0,2,0,0,0.0,0,0,1,1,0,0,0,0,3.8802,0.1875,0.8125,5,4.0,0,0,0,0,0,0,0,0,1,0.6,0
31,14,9,2,0,0,3,0,0,0.0,0,0,1,1,0,0,0,0,3.8489,0.2,0.8,8,5.0,0,1,0,0,0,0,1,0,1,0.625,0
27,13,6,2,0,0,3,0,0,0.0,0,0,1,1,0,0,0,1,3.8282,0.3333,0.6667,5,4.2,0,0,0,0,0,0,1,0,1,0.0,0
32,13,11,2,0,0,3,0,0,0.0,0,0,1,1,0,0,0,0,3.8195,0.3077,0.6923,10,5.2,0,0,0,0,0,0,1,0,1,0.5714,0
29,16,5,2,0,0,3,0,0,0.0,0,0,1,1,0,0,0,1,3.9094,0.2174,0.7826,8,4.6,0,0,0,0,0,0,1,0,1,0.0,0
31,13,10,2,0,0,3,0,0,0.0,0,0,1,1,0,0,0,0,3.9292,0.24,0.76,9,5.0,0,0,0,0,0,0,1,0,1,0.6667,0
34,17,9,2,0,0,3,0,0,0.0,0,0,1,1,0,0,0,1,3.8222,0.2143,0.7857,9,5.6,0,1,0,0,0,0,1,0,1,0.0,0
21,13,0,2,0,0,2,0,0,0.0,0,0,1,1,0,0,0,0,3.5352,0.1875,0.8125,5,4.0,0,0,0,0,0,0,0,0,1,0.75,0
22,14,0,2,0,0,2,0,0,0.0,0,0,1,1,0,0,0,0,3.6978,0.2353,0.7647,6,4.25,0,0,0,0,0,0,0,0,1,0.6667,0
19,11,0,2,0,0,2,0,0,0.0,0,0,1,1,0,0,0,0,3.6819,0.1429,0.8571,5,3.5,0,0,0,0,0,0,0,0,1,0.5,0
30,14,8,2,0,0,3,0,0,0.0,0,0,1,1,0,0,0,0,3.9396,0.2083,0.7917,7,4.8,0,1,0,0,0,0,1,0,1,0.625,0
45,16,21,2,0,0,4,0,0,0.0,0,0,1,1,0,0,0,1,4.1803,0.2895,0.7105,11,6.3333,0,0,0,0,0,0,2,0,1,0.0,0
30,16,6,2,0,0,3,0,0,0.0,0,0,1,1,0,0,0,1,3.9396,0.25,0.75,8,4.8,0,0,0,0,0,0,1,0,1,0.0,0
37,21,8,2,0,0,3,0,0,0.0,0,0,1,1,0,0,0,0,3.9564,0.2258,0.7742,13,6.2,0,0,0,0,0,0,1,0,1,0.6923,0
30,13,9,2,0,0,3,0,0,0.0,0,0,1,1,0,0,0,1,3.9144,0.2917,0.7083,8,4.8,0,0,0,0,0,0,1,0,1,0.0,0
28,15,5,2,0,0,3,0,0,0.0,0,0,1,1,0,0,0,1,4.0122,0.1818,0.8182,7,4.4,0,0,0,0,0,0,1,0,1,0.0,0
31,14,9,2,0,0,3,0,0,0.0,0,0,1,1,0,0,0,0,3.8489,0.24,0.76,8,5.0,0,0,0,0,0,0,1,0,1,0.7,0
28,15,5,2,0,0,3,0,0,0.0,0,0,1,1,0,0,0,1,3.8963,0.1818,0.8182,7,4.4,0,0,0,0,0,0,1,0,1,0.0,0
20,12,0,2,0,0,2,0,0,0.0,0,0,1,1,0,0,0,0,3.6842,0.2,0.8,5,3.75,0,0,0,0,0,0,0,0,1,0.6667,0
31,15,8,2,0,0,3,0,0,0.0,0,0,1,1,0,0,0,1,3.7726,0.2,0.8,7,5.0,0,0,0,0,0,0,1,0,1,0.0,0
31,14,9,2,0,0,3,0,0,0.0,0,0,1,1,0,0,0,0,3.9937,0.32,0.68,8,5.0,0,0,0,0,0,0,1,0,1,0.625,0
28,11,9,2,0,0,3,0,0,0.0,0,0,1,1,0,0,0,0,3.7804,0.2727,0.7273,8,4.4,0,0,0,0,0,0,1,0,1,0.6667,0
23,15,0,2,0,0,2,0,0,0.0,0,0,1,1,0,0,0,0,3.882,0.2222,0.7778,7,4.5,0,0,0,0,0,0,0,0,1,0.625,0
24,16,0,2,0,0,2,0,0,0.0,0,0,1,1,0,0,0,1,3.9702,0.3158,0.6842,6,4.75,0,0,0,0,0,0,0,0,0,0.375,0
25,17,0,2,0,0,2,0,0,0.0,0,0,1,1,0,0,0,0,3.5435,0.2,0.8,9,5.0,0,0,0,0,0,0,0,0,1,0.6667,0
23,15,0,2,0,0,2,0,0,0.0,0,0,1,1,0,0,0,1,3.7951,0.3333,0.6667,6,4.5,0,0,0,0,0,0,0,0,0,0.6667,0
43,15,7,2,0,0,3,0,0,0.0,0,0,1,1,0,0,0,1,4.1871,0.2286,0.7714,10,5.0,0,0,0,0,1,12,1,0,1,0.0,0
22,14,0,2,0,0,2,0,0,0.0,0,0,1,1,0,0,0,0,3.6412,0.1765,0.8235,6,4.25,0,0,0,0,0,0,0,0,1,0.6667,0
33,16,9,2,0,0,3,0,0,0.0,0,0,1,1,0,0,0,1,4.0209,0.3333,0.6667,8,5.4,0,0,0,0,0,0,1,0,1,0.0,0
28,15,5,2,0,0,3,0,0,0.0,0,0,1,1,0,0,0,0,3.9138,0.2727,0.7273,7,4.4,0,0,0,0,0,0,1,0,1,0.7143,0
25,17,0,2,0,0,2,0,0,0.0,0,0,1,1,0,0,0,0,3.8635,0.25,0.75,9,5.0,0,0,0,0,0,0,0,0,1,0.5556,0
44,30,7,3,1,0,3,0,0,0.0,0,0,0,2,0,0,2,1,4.2656,0.3611,0.6389,12,5.1429,0,0,0,0,0,0,1,0,0,0.0,1
35,16,12,3,0,0,3,0,0,0.0,0,0,0,1,1,0,2,1,3.9573,0.25,0.75,7,4.6667,0,0,0,0,0,0,1,1,0,0.0,1
42,16,19,2,1,0,5,0,0,0.0,0,0,0,0,0,0,1,0,4.1359,0.2727,0.7273,8,4.7143,1,0,0,0,0,0,2,0,0,0.5833,1
37,19,10,3,0,0,3,0,3,0.0811,0,0,1,1,1,0,1,1,4.1681,0.2963,0.7037,6,4.5,0,0,0,0,0,0,1,1,0,0.0,1
39,15,16,1,3,0,3,0,0,0.0,0,0,1,0,1,0,2,1,3.9972,0.3226,0.6774,8,5.1667,0,0,0,0,0,0,1,0,0,0.5833,1
68,17,10,4,1,0,6,0,0,0.0,0,0,0,0,0,0,2,1,4.1068,0.3396,0.6604,6,4.4167,1,0,0,0,1,33,2,0,0,0.5385,1
55,25,13,4,1,0,3,0,3,0.0545,0,0,0,3,1,0,2,1,4.6378,0.3415,0.6585,6,4.1,0,0,0,0,1,9,1,0,1,0.0,1
62,24,15,1,2,0,4,0,3,0.0484,0,0,1,0,1,0,4,1,4.6215,0.3265,0.6735,7,5.4444,0,0,0,0,1,14,2,0,0,0.6842,1
38,22,8,1,2,0,3,0,0,0.0,0,0,1,0,1,0,2,1,4.234,0.3226,0.6774,7,5.1667,0,0,0,0,0,0,1,0,0,0.6842,1
44,29,7,1,2,0,3,0,0,0.0,0,0,1,0,1,0,0,1,4.1441,0.2973,0.7027,9,6.1667,0,0,0,0,0,0,1,0,0,0.6538,1
40,25,8,1,2,0,3,0,0,0.0,0,0,0,0,1,0,3,1,4.121,0.2727,0.7273,7,5.5,0,0,0,0,0,0,1,0,0,0.6818,1
49,26,5,1,2,0,3,0,0,0.0,0,0,0,0,1,0,2,1,4.3694,0.35,0.65,9,5.0,0,0,0,0,1,10,1,0,0,0.5714,1
41,24,10,2,2,0,3,0,0,0.0,0,0,0,0,1,0,3,1,4.1251,0.2424,0.7576,7,4.7143,0,0,0,0,0,0,1,1,0,0.7143,1
41,22,12,1,2,0,3,0,0,0.0,0,0,0,0,1,0,2,1,4.3755,0.3235,0.6765,10,5.6667,0,0,0,0,0,0,1,0,0,0.4737,1
23,9,7,1,0,0,3,0,0,0.0,0,0,0,0,0,0,1,0,3.7623,0.2778,0.7222,6,4.5,0,0,0,0,0,0,1,0,0,0.1667,1
46,22,16,1,3,0,3,0,0,0.0,0,0,1,0,1,0,2,1,4.2761,0.2895,0.7105,10,6.3333,0,0,0,0,0,0,1,0,0,0.4737,1
51,37,7,1,4,0,3,0,0,0.0,0,0,0,0,0,0,3,0,4.1743,0.3571,0.6429,9,5.25,0,1,0,0,0,0,1,0,0,0.8485,1
21,6,8,1,0,0,3,0,4,0.1905,0,0,0,0,0,0,0,0,3.749,0.1667,0.8333,4,3.0,0,1,0,0,0,0,1,0,0,0.6667,1
47,24,16,1,3,0,3,0,0,0.0,0,0,0,0,1,0,3,1,4.206,0.3077,0.6923,8,5.5714,0,0,0,0,0,0,1,0,0,0.7143,1
41,18,16,2,1,0,3,0,0,0.0,0,0,0,1,1,0,2,1,4.2203,0.2941,0.7059,8,5.6667,0,0,0,0,0,0,1,0,0,0.0,1
40,20,12,3,0,0,3,0,3,0.075,0,0,1,1,1,0,1,1,4.1398,0.2333,0.7667,9,5.0,0,0,0,0,0,0,1,1,0,0.0,1
54,17,15,1,1,0,4,0,3,0.0556,0,0,0,0,1,0,2,1,4.5278,0.3333,0.6667,7,5.25,0,0,0,0,1,14,2,0,0,0.5833,1
42,18,5,2,0,0,3,0,3,0.0714,0,0,1,1,1,0,0,1,4.386,0.3548,0.6452,5,4.4286,0,0,0,0,1,10,1,0,0,0.0,1
46,16,13,2,1,0,3,0,0,0.0,0,0,0,1,1,0,3,1,4.3959,0.3514,0.6486,6,4.625,0,0,0,0,1,9,1,0,0,0.0,1
42,29,6,4,1,0,3,0,0,0.0,0,0,0,3,1,0,1,1,4.2009,0.303,0.697,6,4.125,0,0,0,0,0,0,1,0,1,0.0,1
46,15,24,3,1,0,4,0,12,0.2609,0,1,0,2,0,0,2,1,4.363,0.32,0.68,8,6.25,0,0,0,0,0,0,2,0,0,1.0,1
62,15,25,3,0,0,5,0,15,0.2419,0,1,0,2,0,0,2,1,4.577,0.3333,0.6667,9,6.0,0,0,0,0,1,14,3,0,0,1.0,1
41,17,16,2,1,0,3,0,3,0.0732,0,0,1,1,1,0,1,1,4.3939,0.3226,0.6774,8,5.1667,0,0,0,0,0,0,1,0,0,0.0,1
128,57,49,8,1,1,8,0,1,0.0078,0,0,0,7,1,0,4,1,4.5457,0.3774,0.6226,13,5.3,0,0,0,0,1,14,6,0,1,0.0,1
37,22,7,1,2,0,3,0,0,0.0,0,0,1,0,1,0,3,1,4.317,0.3,0.7,6,5.0,0,0,0,0,0,0,1,0,0,0.6842,1
37,13,16,4,0,0,4,0,10,0.2703,0,1,1,2,0,0,1,1,4.0645,0.2222,0.7778,5,4.5,0,0,0,0,0,0,2,1,0,1.0,1
48,28,12,5,0,0,3,0,3,0.0625,0,0,1,3,1,0,1,1,4.1654,0.2222,0.7778,9,4.5,0,1,0,0,0,0,1,1,1,0.0,1
49,35,7,1,3,0,3,0,0,0.0,0,0,0,0,0,0,6,0,4.1779,0.3415,0.6585,9,5.8571,0,0,0,0,0,0,1,0,0,0.8387,1
41,14,19,4,0,0,4,0,11,0.2683,0,1,1,2,0,0,1,1,4.1899,0.2381,0.7619,7,5.25,0,0,0,0,0,0,2,1,0,1.0,1
48,24,5,1,2,0,3,0,0,0.0,0,0,1,0,1,0,2,1,4.2487,0.3333,0.6667,9,4.875,0,0,0,0,1,10,1,0,0,0.5714,1
39,19,12,3,0,0,3,0,3,0.0769,0,0,1,1,1,0,1,1,4.4387,0.3103,0.6897,8,4.8333,0,0,0,0,0,0,1,1,0,0.0,1
37,21,8,1,2,0,3,0,0,0.0,0,0,1,0,1,0,1,1,4.2089,0.3,0.7,8,5.0,0,0,0,0,0,0,1,0,0,0.5556,1
44,24,12,5,0,0,3,0,2,0.0455,0,0,1,3,1,0,1,1,4.2745,0.2727,0.7273,6,4.125,0,0,0,0,0,0,1,1,1,0.0,1
56,26,13,4,1,0,3,0,3,0.0536,0,0,0,3,1,0,2,1,4.5192,0.3095,0.6905,7,4.2,0,0,0,0,1,9,1,0,1,0.0,1
27,13,7,1,0,0,3,0,0,0.0,0,0,0,0,0,0,1,0,3.7542,0.2727,0.7273,9,5.5,0,1,0,0,0,0,1,0,0,0.2222,1
38,13,18,3,1,0,4,0,10,0.2632,0,1,0,2,0,0,1,1,4.3135,0.3684,0.6316,6,4.75,0,0,0,0,0,0,2,0,0,1.0,1
39,22,10,2,2,0,3,0,0,0.0,0,0,0,0,1,0,3,1,4.2311,0.2581,0.7419,6,4.4286,0,0,0,0,0,0,1,1,0,0.7368,1
19,9,3,1,0,0,3,0,0,0.0,0,0,0,0,0,0,0,0,3.6819,0.2857,0.7143,5,3.5,0,0,0,0,0,0,1,0,0,0.2,1
43,23,12,2,2,0,3,0,0,0.0,0,0,1,0,1,0,3,1,4.4235,0.2571,0.7429,7,5.0,0,0,0,0,0,0,1,1,0,0.7222,1
41,19,15,2,1,0,3,0,0,0.0,0,0,0,1,1,0,3,1,4.0555,0.2941,0.7059,9,5.6667,0,0,0,0,0,0,1,0,0,0.0,1
41,21,12,2,2,0,3,0,0,0.0,0,0,1,0,1,0,3,1,4.062,0.303,0.697,6,4.7143,0,0,0,0,0,0,1,1,0,0.7222,1
39,19,12,3,0,0,3,0,3,0.0769,0,0,1,1,1,0,1,1,4.173,0.2414,0.7586,7,4.8333,0,0,0,0,0,0,1,1,0,0.0,1
23,10,6,1,0,0,3,0,0,0.0,0,0,0,0,0,0,1,0,3.8492,0.3333,0.6667,6,4.5,0,0,0,0,0,0,1,0,0,0.1667,1
42,13,22,4,0,0,4,0,10,0.2381,0,1,0,2,0,0,1,1,4.2548,0.2609,0.7391,9,5.75,0,0,0,0,0,0,2,1,0,1.0,1
68,30,15,1,2,0,4,0,3,0.0441,0,0,1,0,1,0,4,1,4.6833,0.3273,0.6727,10,6.1111,0,0,0,0,1,14,2,0,0,0.6,1
26,12,7,1,0,0,3,0,3,0.1154,0,0,0,0,1,0,1,0,4.1329,0.1111,0.8889,6,2.5714,0,0,0,0,0,0,1,0,0,0.8889,1
50,26,16,1,3,0,3,0,0,0.0,0,0,1,0,1,0,2,1,4.3309,0.2857,0.7143,9,6.0,0,0,0,0,0,0,1,0,0,0.6087,1
43,12,23,4,0,0,4,0,9,0.2093,0,1,1,2,0,0,1,1,4.4609,0.2,0.8,10,6.25,0,0,0,0,0,0,2,1,0,0.8889,1
36,17,12,3,0,0,3,0,0,0.0,0,0,0,1,1,0,2,1,4.0441,0.3103,0.6897,6,4.8333,0,0,0,0,0,0,1,1,0,0.0,1
42,13,22,3,1,0,4,0,10,0.2381,0,1,0,2,0,0,2,1,4.3977,0.3043,0.6957,8,5.75,0,0,0,0,0,0,2,0,0,0.8889,1
36,18,10,3,0,0,3,0,3,0.0833,0,0,1,1,1,0,1,1,4.1179,0.2308,0.7692,6,4.3333,0,0,0,0,0,0,1,1,0,0.0,1
44,13,23,3,1,0,4,0,10,0.2273,0,1,1,2,0,0,1,1,4.5615,0.32,0.68,8,6.25,0,0,0,0,0,0,2,0,0,0.8889,1
39,22,10,3,0,0,3,0,3,0.0769,0,0,0,1,1,0,1,1,4.3488,0.2759,0.7241,9,4.8333,0,0,0,0,0,0,1,1,0,0.0,1
37,17,12,2,1,0,3,0,0,0.0,0,0,1,0,1,0,2,1,4.2834,0.2667,0.7333,6,5.0,0,0,0,0,0,0,1,1,0,0.5,1
50,26,16,1,3,0,3,0,0,0.0,0,0,1,0,1,0,3,1,4.3513,0.3095,0.6905,10,6.0,0,0,0,0,0,0,1,0,0,0.5652,1
47,33,7,5,0,0,3,0,0,0.0,0,0,0,4,1,0,3,1,4.1557,0.3421,0.6579,8,4.75,0,0,0,0,0,0,1,0,0,0.625,1
78,46,12,6,1,0,3,0,0,0.0,0,0,0,4,1,0,4,1,4.3619,0.3385,0.6615,15,5.4167,0,0,0,0,1,12,1,1,0,0.625,1
53,14,21,3,1,0,4,0,11,0.2075,0,1,1,2,0,0,2,1,4.636,0.3226,0.6774,7,5.1667,0,0,0,0,1,9,2,0,1,0.8889,1
49,29,12,5,0,0,3,0,3,0.0612,0,0,1,3,1,0,1,1,4.4844,0.2703,0.7297,8,4.625,0,0,0,0,0,0,1,1,1,0.0,1
38,18,12,1,3,0,3,0,0,0.0,0,0,1,0,1,0,2,1,4.1089,0.3667,0.6333,7,5.0,0,0,0,0,0,0,1,0,0,0.6,1
37,20,10,3,0,0,3,0,3,0.0811,0,0,0,1,1,0,1,1,4.1885,0.2593,0.7407,9,4.5,0,0,0,0,0,0,1,1,0,0.0,1
47,17,13,2,1,0,3,0,3,0.0638,0,0,0,1,1,0,2,1,4.6211,0.3714,0.6286,6,4.375,0,0,0,0,1,9,1,0,0,0.0,1
46,23,15,2,1,0,3,0,3,0.0652,0,0,1,1,1,0,2,1,4.4229,0.2778,0.7222,10,6.0,0,0,0,0,0,0,1,0,0,0.0,1
39,19,12,2,1,0,3,0,0,0.0,0,0,1,1,1,0,2,1,4.3043,0.3125,0.6875,9,5.3333,0,0,0,0,0,0,1,0,0,0.0,1
42,15,20,4,0,0,4,0,12,0.2857,0,1,0,2,0,0,1,1,4.2495,0.1905,0.8095,7,5.25,0,0,0,0,0,0,2,1,0,0.8889,1
38,14,17,4,0,0,4,0,11,0.2895,0,1,0,2,0,0,1,1,4.0804,0.2778,0.7222,6,4.5,0,0,0,0,0,0,2,1,1,0.8889,1
58,21,15,1,2,0,4,0,3,0.0517,0,0,0,0,1,0,4,1,4.4598,0.3556,0.6444,7,5.0,0,0,0,0,1,14,2,0,0,0.7059,1
38,20,11,1,1,0,3,0,0,0.0,0,0,0,0,1,0,1,1,4.241,0.3125,0.6875,10,6.4,0,0,0,0,0,0,1,0,0,0.5294,1
42,18,16,1,3,0,3,0,0,0.0,0,0,1,0,1,0,2,1,4.2821,0.3529,0.6471,8,5.6667,0,0,0,0,0,0,1,0,0,0.4667,1
51,38,6,1,3,0,3,0,0,0.0,0,0,0,0,0,0,5,0,4.1968,0.4186,0.5814,9,6.1429,0,0,0,0,0,0,1,0,0,0.8235,1
38,20,10,2,1,0,3,0,0,0.0,0,0,1,0,1,0,2,1,4.2512,0.2903,0.7097,8,5.1667,0,0,0,0,0,0,1,1,0,0.4667,1
40,21,12,3,0,0,3,0,3,0.075,0,0,0,1,1,0,1,1,4.3464,0.2667,0.7333,10,5.0,0,0,0,0,0,0,1,1,0,0.0,1
76,15,54,2,3,0,8,0,6,0.0789,0,0,0,0,0,0,0,1,4.4656,0.3036,0.6964,9,5.0909,0,0,0,0,0,0,6,1,0,0.7273,1
41,24,10,5,0,0,3,0,3,0.0732,0,0,0,3,1,0,1,1,4.1018,0.2414,0.7586,5,3.625,0,0,0,0,0,0,1,1,1,0.0,1
34,20,7,1,1,0,3,0,0,0.0,0,0,0,0,1,0,2,1,3.9591,0.2857,0.7143,9,5.6,0,0,0,0,0,0,1,0,0,0.5882,1
45,25,12,2,2,0,3,0,0,0.0,0,0,1,0,1,0,3,1,4.3835,0.2703,0.7297,7,5.2857,0,0,0,0,0,0,1,1,0,0.7,1
41,18,16,3,0,0,5,0,0,0.0,0,0,0,1,0,0,0,1,4.0739,0.25,0.75,10,4.5714,1,0,0,0,0,0,2,0,1,0.0,1
42,22,12,2,2,0,3,0,0,0.0,0,0,1,0,1,0,2,1,4.3564,0.2059,0.7941,10,5.6667,0,0,0,0,0,0,1,1,0,0.4737,1
33,16,10,3,0,0,3,0,0,0.0,0,0,0,1,1,0,2,1,3.9226,0.3077,0.6923,6,4.3333,0,0,0,0,0,0,1,1,0,0.0,1
42,19,16,1,3,0,3,0,0,0.0,0,0,0,0,1,0,2,1,4.0644,0.2941,0.7059,9,5.6667,0,0,0,0,0,0,1,0,0,0.4375,1
50,26,5,4,0,0,3,0,3,0.06,0,0,1,3,1,0,0,1,4.5035,0.3243,0.6757,5,4.1111,0,0,0,0,1,10,1,0,1,0.0,1
38,18,12,3,0,0,3,0,3,0.0789,0,0,1,1,1,0,1,1,4.3039,0.25,0.75,7,4.6667,0,0,0,0,0,0,1,1,0,0.0,1
57,19,15,1,2,0,4,0,3,0.0526,0,0,1,0,1,0,3,1,4.4638,0.3182,0.6818,9,5.5,0,0,0,0,1,14,2,0,0,0.4375,1
41,26,7,1,2,0,3,0,0,0.0,0,0,1,0,1,0,2,1,4.1923,0.3235,0.6765,10,5.6667,0,0,0,0,0,0,1,0,0,0.5652,1
39,22,10,2,2,0,3,0,0,0.0,0,0,0,0,1,0,2,1,4.0091,0.2903,0.7097,6,4.4286,0,0,0,0,0,0,1,1,0,0.6842,1
36,17,12,1,2,0,3,0,0,0.0,0,0,0,0,1,0,2,1,3.8509,0.3793,0.6207,7,4.8333,0,0,0,0,0,0,1,0,0,0.6154,1
36,16,12,3,0,0,3,0,2,0.0556,0,0,1,1,1,0,1,1,4.1762,0.2963,0.7037,6,4.5,0,0,0,0,0,0,1,1,0,0.0,1
49,7,12,2,0,0,3,0,0,0.0,0,0,0,0,1,0,1,1,4.4436,0.3077,0.6923,6,4.3333,0,0,0,0,2,22,1,1,0,0.625,1
40,11,7,3,0,0,3,1,0,0.0,1,0,0,0,1,0,1,1,4.3087,0.2188,0.7812,8,4.5714,0,0,0,0,0,0,1,0,1,0.75,1
43,25,10,5,0,0,3,0,3,0.0698,0,0,1,3,1,0,1,1,4.2602,0.2581,0.7419,6,3.875,0,0,0,0,0,0,1,1,1,0.0,1
43,13,22,3,1,0,4,0,10,0.2326,0,1,1,2,0,0,2,1,4.3038,0.2917,0.7083,8,6.0,0,0,0,0,0,0,2,0,0,0.8889,1
55,24,13,1,3,0,3,0,0,0.0,0,0,1,0,1,0,3,1,4.3235,0.3111,0.6889,7,5.0,0,0,0,0,1,9,1,0,0,0.6667,1
37,14,16,3,1,0,4,0,11,0.2973,0,1,0,2,0,0,1,1,4.3374,0.3529,0.6471,8,5.6667,0,0,0,0,0,0,1,0,0,1.0,1
36,11,18,4,0,0,4,0,8,0.2222,0,1,0,2,0,0,1,1,3.9959,0.2105,0.7895,6,4.75,0,0,0,0,0,0,2,1,0,1.0,1
42,14,21,3,1,0,4,0,11,0.2619,0,1,0,2,0,0,1,1,4.5289,0.4091,0.5909,8,5.5,0,0,0,0,0,0,2,0,0,1.0,1
48,28,12,2,2,0,3,0,0,0.0,0,0,1,0,1,0,3,1,4.1395,0.3,0.7,9,5.7143,0,0,0,0,0,0,1,1,0,0.625,1
20,5,8,1,0,0,3,0,3,0.15,0,0,0,0,0,0,0,0,3.9842,0.25,0.75,4,3.0,0,1,0,0,0,0,1,0,0,0.8,1
48,30,10,5,0,0,3,0,2,0.0417,0,0,1,3,1,0,1,1,4.3457,0.2432,0.7568,10,4.625,0,0,0,0,0,0,1,1,1,0.0,1
24,11,6,1,0,0,3,0,0,0.0,0,0,0,0,0,0,0,1,3.7721,0.3158,0.6842,7,4.75,0,0,0,0,0,0,1,0,0,0.1429,1
38,12,19,4,0,0,4,0,9,0.2368,0,1,0,2,0,0,1,1,4.2082,0.2,0.8,6,5.0,0,0,0,0,0,0,2,1,0,1.0,1
26,10,9,1,0,0,3,0,0,0.0,0,0,0,0,0,0,1,0,3.921,0.381,0.619,8,5.25,0,0,0,0,0,0,1,0,0,0.1667,1
79,20,52,7,3,0,8,0,0,0.0,0,0,0,0,0,0,1,0,4.0311,0.3,0.7,9,5.4545,0,0,0,0,0,0,6,1,0,0.625,1
54,40,7,1,4,0,3,0,0,0.0,0,0,0,0,0,0,4,0,4.2776,0.3111,0.6889,8,5.625,0,0,0,0,0,0,1,0,0,0.8056,1
27,12,8,1,0,0,3,0,0,0.0,0,0,0,0,0,0,1,0,3.736,0.2727,0.7273,8,5.5,0,1,0,0,0,0,1,0,0,0.1111,1
38,24,7,1,2,0,3,0,0,0.0,0,0,0,0,1,0,3,1,4.0831,0.3548,0.6452,8,5.1667,0,0,0,0,0,0,1,0,0,0.7143,1
44,15,22,2,1,0,5,0,0,0.0,0,0,0,0,0,0,3,1,4.0426,0.3429,0.6571,6,4.375,0,0,0,0,0,0,3,0,0,0.5455,1
60,22,15,1,2,0,4,0,3,0.05,0,0,1,0,1,0,4,1,4.5423,0.383,0.617,7,5.2222,0,0,0,0,1,14,2,0,0,0.6842,1
42,22,12,2,2,0,3,0,0,0.0,0,0,1,0,1,0,3,1,4.2165,0.2353,0.7647,7,4.8571,0,0,0,0,0,0,1,1,0,0.6842,1
53,13,23,3,1,0,4,0,10,0.1887,0,1,0,2,0,0,2,1,4.636,0.3438,0.6562,9,5.3333,0,0,0,0,1,9,2,0,0,1.0,1
43,23,12,2,2,0,3,0,0,0.0,0,0,1,0,1,0,3,1,4.2664,0.3143,0.6857,6,5.0,0,0,0,0,0,0,1,1,0,0.6842,1
39,23,8,1,2,0,3,0,0,0.0,0,0,1,0,1,0,3,1,4.2849,0.2812,0.7188,7,5.3333,0,0,0,0,0,0,1,0,0,0.75,1
41,28,6,3,1,0,3,0,1,0.0244,1,0,0,2,0,0,1,0,4.4178,0.3226,0.6774,6,3.875,0,0,0,1,0,0,1,0,0,0.375,1
42,22,12,2,2,0,3,0,0,0.0,0,0,1,0,1,0,2,1,4.0284,0.2647,0.7353,7,4.8571,0,0,0,0,0,0,1,1,0,0.6667,1
57,19,15,2,0,0,4,0,3,0.0526,0,0,1,1,1,0,2,1,4.5386,0.3333,0.6667,8,5.625,0,0,0,0,1,14,2,0,0,0.0,1
64,26,15,4,0,0,4,0,6,0.0938,0,0,1,3,1,0,2,1,4.6521,0.3191,0.6809,7,4.7,0,0,0,0,1,14,2,0,1,0.0,1
46,26,12,5,0,0,3,0,3,0.0652,0,0,1,3,1,0,1,1,4.3445,0.2353,0.7647,7,4.25,0,0,0,0,0,0,1,1,1,0.0,1
26,12,7,1,0,0,3,0,3,0.1154,0,0,0,0,1,0,1,0,4.2099,0.1667,0.8333,6,3.6,0,0,0,0,0,0,1,0,0,0.8889,1
44,24,12,5,0,0,3,0,3,0.0682,0,0,1,3,1,0,1,1,4.3259,0.25,0.75,6,4.0,0,0,0,0,0,0,1,1,1,0.0,1
43,31,5,4,1,0,3,0,0,0.0,0,0,0,3,1,0,0,1,4.1002,0.2941,0.7059,8,4.25,0,0,0,0,0,0,1,0,1,0.0,1
41,19,15,2,1,0,3,0,0,0.0,0,0,0,1,1,0,3,1,4.3203,0.2941,0.7059,8,5.6667,0,0,0,0,0,0,1,0,0,0.0,1
46,13,25,3,1,0,4,0,10,0.2174,0,1,1,2,0,0,2,1,4.336,0.2593,0.7407,9,6.75,0,0,0,0,0,0,2,0,0,0.8889,1
43,23,12,2,2,0,3,0,0,0.0,0,0,1,0,1,0,3,1,4.3617,0.2857,0.7143,7,5.0,0,0,0,0,0,0,1,1,0,0.7,1
45,27,10,5,0,0,3,0,3,0.0667,0,0,1,3,1,0,1,1,4.3668,0.2727,0.7273,8,4.125,0,0,0,0,0,0,1,1,1,0.0,1
36,22,7,1,2,0,3,0,0,0.0,0,0,0,0,1,0,3,1,4.3083,0.3103,0.6897,6,4.8333,0,0,0,0,0,0,1,0,0,0.6842,1
41,21,12,3,0,0,3,0,3,0.0732,0,0,1,1,1,0,1,1,4.4546,0.2903,0.7097,8,5.1667,0,0,0,0,0,0,1,1,0,0.0,1
46,26,12,1,3,0,3,0,0,0.0,0,0,1,0,1,0,3,1,4.4144,0.3158,0.6842,9,5.4286,0,0,0,0,0,0,1,0,0,0.5909,1
39,24,7,1,2,0,3,0,0,0.0,0,0,1,0,1,0,3,1,4.0798,0.3438,0.6562,8,5.3333,0,0,0,0,0,0,1,0,0,0.7143,1
44,25,12,2,2,0,3,0,0,0.0,0,0,0,0,1,0,3,1,4.2179,0.3056,0.6944,7,5.1429,0,0,0,0,0,0,1,1,0,0.7143,1
36,19,10,1,1,0,3,0,1,0.0278,0,0,0,0,0,0,2,0,3.8984,0.2414,0.7586,9,4.8333,0,1,0,0,0,0,1,0,0,0.6,1
38,12,19,4,0,0,4,0,9,0.2368,0,1,0,2,0,0,1,1,4.2807,0.3,0.7,6,5.0,0,0,0,0,0,0,2,1,0,1.0,1
66,41,7,4,2,0,3,0,3,0.0455,0,0,0,3,1,0,3,1,4.464,0.3333,0.6667,7,4.6364,0,0,0,0,1,10,1,0,0,0.2857,1
50,8,5,2,0,0,3,0,0,0.0,0,0,0,0,1,0,0,1,4.3309,0.325,0.675,7,4.4444,0,0,0,0,2,29,1,0,0,0.6,1
54,22,25,1,2,0,4,0,0,0.0,0,0,0,0,0,0,2,0,4.4134,0.3261,0.6739,13,6.5714,0,0,0,0,0,0,2,0,0,0.7222,1
49,26,5,1,2,0,3,0,0,0.0,0,0,0,0,1,0,2,1,4.2857,0.375,0.625,8,5.0,0,0,0,0,1,10,1,0,0,0.6364,1
38,18,12,3,0,0,3,0,3,0.0789,0,0,1,1,1,0,1,1,4.2539,0.2143,0.7857,7,4.6667,0,0,0,0,0,0,1,1,0,0.0,1
34,15,7,1,1,0,3,0,4,0.1176,0,0,0,0,0,1,1,1,4.1529,0.3478,0.6522,6,4.6,0,0,0,0,0,0,1,0,1,0.4545,1
38,19,12,3,0,0,3,0,0,0.0,0,0,0,1,1,0,2,1,4.1158,0.2258,0.7742,7,5.1667,0,0,0,0,0,0,1,1,0,0.0,1
25,10,8,1,0,0,3,0,0,0.0,0,0,0,0,0,0,1,0,3.9435,0.25,0.75,7,5.0,0,0,0,0,0,0,1,0,0,0.1429,1
41,22,12,2,2,0,3,0,0,0.0,0,0,0,0,1,0,3,1,4.046,0.2727,0.7273,7,4.7143,0,0,0,0,0,0,1,1,0,0.7222,1
40,17,15,2,1,0,3,0,0,0.0,0,0,1,1,1,0,3,1,4.1037,0.2727,0.7273,8,5.5,0,0,0,0,0,0,1,0,0,0.0,1
37,19,11,1,3,0,3,0,0,0.0,0,0,0,0,1,0,2,1,4.263,0.2759,0.7241,6,4.1429,0,0,0,0,0,0,1,0,0,0.6875,1
42,18,16,1,2,0,3,0,0,0.0,0,0,1,0,1,0,2,1,4.2438,0.2857,0.7143,8,5.8333,0,0,0,0,0,0,1,0,0,0.4615,1
43,19,17,1,2,0,3,0,0,0.0,0,0,0,0,1,0,2,1,4.1649,0.3056,0.6944,9,6.0,0,0,0,0,0,0,1,0,0,0.4375,1
42,19,5,2,0,0,3,0,0,0.0,0,0,0,1,1,0,1,1,4.2432,0.3235,0.6765,9,4.8571,0,0,0,0,1,10,1,0,0,0.0,1
52,14,21,3,1,0,4,0,11,0.2115,0,1,0,2,0,0,2,1,4.7558,0.3333,0.6667,7,5.0,0,0,0,0,1,9,2,0,0,1.0,1
24,11,6,1,0,0,3,0,0,0.0,0,0,0,0,0,0,1,0,3.8868,0.3158,0.6842,7,4.75,0,0,0,0,0,0,1,0,0,0.125,1
43,21,15,1,2,0,3,0,0,0.0,0,0,0,0,1,0,3,1,4.2573,0.25,0.75,10,6.0,0,0,0,0,0,0,1,0,0,0.4444,1
39,12,20,4,0,0,4,0,9,0.2308,0,1,0,2,0,0,1,1,4.2404,0.1905,0.8095,7,5.25,0,0,0,0,0,0,2,1,0,0.8889,1
41,25,9,4,0,0,3,0,1,0.0244,1,0,0,3,1,0,2,0,4.3546,0.2903,0.7097,8,3.875,0,0,0,1,0,0,1,0,0,0.375,1
25,9,9,1,0,0,3,0,0,0.0,0,0,0,0,0,0,0,0,3.7231,0.3,0.7,8,5.0,0,0,0,0,0,0,1,0,0,0.1667,1
62,24,15,1,2,0,4,0,3,0.0484,0,0,1,0,1,0,2,1,4.474,0.3265,0.6735,7,5.4444,0,0,0,0,1,14,2,0,0,0.7,1
43,14,21,4,0,0,4,0,11,0.2558,0,1,1,2,0,0,1,1,4.5539,0.2609,0.7391,8,5.75,0,0,0,0,0,0,2,1,0,1.0,1
39,22,10,2,2,0,3,0,0,0.0,0,0,0,0,1,0,3,1,4.1117,0.2903,0.7097,6,4.4286,0,0,0,0,0,0,1,1,0,0.7368,1
54,31,15,4,1,0,3,0,3,0.0556,0,0,1,3,1,0,2,1,4.4772,0.2619,0.7381,10,5.25,0,0,0,0,0,0,1,0,1,0.0,1
38,18,13,1,2,0,4,0,0,0.0,0,0,0,0,0,0,3,0,4.3135,0.3333,0.6667,6,4.2857,0,0,0,0,0,0,2,0,0,0.5714,1
41,12,21,4,0,0,4,0,9,0.2195,0,1,1,2,0,0,1,1,4.3755,0.2609,0.7391,8,5.75,0,0,0,0,0,0,2,1,0,0.8889,1
40,14,18,4,0,0,4,0,11,0.275,0,1,1,2,0,0,1,1,4.1531,0.25,0.75,6,5.0,0,0,0,0,0,0,2,1,0,0.8889,1
44,26,10,2,2,0,3,0,0,0.0,0,0,1,0,1,0,2,1,4.1181,0.25,0.75,9,5.1429,0,0,0,0,0,0,1,1,0,0.6087,1
28,12,9,1,0,0,3,0,0,0.0,0,0,0,0,1,0,1,0,4.182,0.1304,0.8696,9,5.75,0,0,0,0,0,0,1,0,0,0.7778,1
54,17,15,2,0,0,4,0,6,0.1111,0,0,0,1,1,0,2,1,4.5368,0.3333,0.6667,7,4.875,0,0,0,0,1,14,2,0,0,0.0,1
63,25,15,1,2,0,4,0,3,0.0476,0,0,1,0,1,0,4,1,4.5767,0.34,0.66,7,5.5556,0,0,0,0,1,14,2,0,0,0.75,1
37,15,15,1,2,0,3,0,0,0.0,0,0,0,0,1,0,2,0,4.0981,0.3333,0.6667,7,5.0,0,0,0,0,0,0,1,0,0,0.6154,1
37,19,10,3,0,0,3,0,3,0.0811,0,0,1,1,1,0,1,1,4.2966,0.2963,0.7037,8,4.5,0,0,0,0,0,0,1,1,0,0.0,1
47,24,15,1,3,0,3,0,0,0.0,0,0,1,0,1,0,4,1,3.975,0.3333,0.6667,8,5.5714,0,0,0,0,0,0,1,0,0,0.6842,1
39,24,8,1,1,0,3,0,0,0.0,0,0,0,0,1,0,0,1,3.9847,0.3333,0.6667,12,6.6,0,0,0,0,0,0,1,0,0,0.619,1
47,27,12,2,2,0,3,0,0,0.0,0,0,1,0,1,0,3,1,4.2081,0.2564,0.7436,9,5.5714,0,0,0,0,0,0,1,1,0,0.6087,1
27,12,8,1,0,0,3,0,4,0.1481,0,0,0,0,1,0,1,0,4.1805,0.1111,0.8889,7,2.25,0,0,0,0,0,0,1,0,0,0.8889,1
47,6,5,1,0,0,3,0,3,0.0638,0,0,0,0,1,0,0,1,4.5785,0.3714,0.6286,7,4.375,0,0,0,0,2,28,1,0,0,0.5,1
23,10,6,1,0,0,3,0,0,0.0,0,0,0,0,0,0,1,0,3.7951,0.2778,0.7222,6,4.5,0,0,0,0,0,0,1,0,0,0.1429,1
40,12,6,3,0,0,3,1,0,0.0,1,0,0,0,1,0,0,1,4.1964,0.3438,0.6562,9,4.5714,0,0,0,0,0,0,1,0,1,0.5556,1
47,14,14,3,0,0,4,0,11,0.234,0,1,1,2,0,0,0,1,4.3518,0.3846,0.6154,8,5.2,0,0,0,0,1,10,2,0,0,1.0,1
38,23,7,1,3,0,3,0,0,0.0,0,0,1,0,1,0,2,1,4.1357,0.3333,0.6667,6,4.2857,0,0,0,0,0,0,1,0,0,0.75,1
45,17,21,3,0,0,5,0,0,0.0,0,0,0,1,0,0,2,1,4.1219,0.3611,0.6389,9,5.1429,1,0,0,0,0,0,2,0,0,0.75,1
33,13,13,1,0,0,4,0,3,0.0909,0,0,0,0,0,0,2,0,4.4383,0.25,0.75,6,3.0,0,0,0,0,0,0,2,0,0,0.8462,1
44,20,5,1,2,0,3,0,0,0.0,0,0,1,0,1,0,1,1,4.3065,0.3429,0.6571,7,5.0,0,0,0,0,1,10,1,0,0,0.5333,1
35,16,7,1,1,0,3,0,4,0.1143,0,0,0,0,0,1,2,1,4.3433,0.2917,0.7083,6,4.8,0,0,0,0,0,0,1,0,0,0.5,1
51,21,13,2,1,0,3,0,3,0.0588,0,0,0,1,1,0,2,1,4.6032,0.3333,0.6667,9,4.875,0,0,0,0,1,9,1,0,0,0.0,1
46,33,6,3,1,0,3,0,0,0.0,0,0,0,2,0,0,3,1,4.025,0.3158,0.6842,9,5.4286,0,0,0,0,0,0,1,0,0,0.0,1
24,4,13,1,0,0,3,0,3,0.125,0,0,0,0,0,0,0,0,3.9387,0.375,0.625,9,4.0,0,1,0,0,0,0,1,0,0,0.8333,1
47,27,12,5,0,0,3,0,3,0.0638,0,0,1,3,1,0,1,1,4.2994,0.2286,0.7714,7,4.375,0,0,0,0,0,0,1,1,1,0.0,1
42,14,20,4,0,0,4,0,11,0.2619,0,1,1,2,0,0,1,1,4.2791,0.1818,0.8182,7,5.5,0,0,0,0,0,0,2,1,0,1.0,1
49,27,15,1,3,0,3,0,0,0.0,0,0,0,0,1,0,4,1,4.2703,0.3171,0.6829,9,5.8571,0,0,0,0,0,0,1,0,0,0.5909,1
41,19,15,1,2,0,3,0,1,0.0244,0,0,0,0,0,0,3,0,4.2994,0.303,0.697,7,4.7143,0,0,0,0,0,0,1,0,0,0.6,1
48,33,8,3,1,0,3,0,0,0.0,0,0,0,2,0,0,2,1,4.2249,0.4,0.6,9,5.7143,0,0,0,0,0,0,1,0,0,0.0,1
23,8,8,1,0,0,3,0,0,0.0,0,0,0,0,0,0,1,0,3.969,0.2222,0.7778,7,4.5,0,0,0,0,0,0,1,0,0,0.2,1
47,23,17,1,2,0,4,0,0,0.0,0,0,0,0,0,0,3,0,4.07,0.3846,0.6154,12,5.5714,0,0,0,0,0,0,2,0,0,0.7895,1
36,8,6,3,0,0,3,1,0,0.0,1,0,0,0,0,0,1,1,3.9093,0.3214,0.6786,6,4.0,0,0,0,0,0,0,1,0,1,0.7143,1
41,20,14,1,1,0,4,0,1,0.0244,0,0,0,0,0,0,3,0,4.0644,0.3333,0.6667,7,4.7143,0,0,0,0,0,0,2,0,0,0.5,1
34,16,10,3,0,0,3,0,0,0.0,0,0,1,1,1,0,2,1,4.0323,0.2222,0.7778,6,4.5,0,0,0,0,0,0,1,1,0,0.0,1
35,17,10,3,0,0,3,0,3,0.0857,0,0,1,1,1,0,1,1,4.1859,0.28,0.72,6,4.1667,0,0,0,0,0,0,1,1,0,0.0,1
26,13,6,1,0,0,3,0,3,0.1154,0,0,0,0,0,0,1,0,4.2868,0.1667,0.8333,5,2.5714,0,0,0,0,0,0,1,0,0,0.7778,1
58,14,22,3,0,0,5,0,14,0.2414,0,1,0,2,0,0,2,1,4.6702,0.3636,0.6364,7,5.5,0,0,0,0,1,14,3,0,1,1.0,1
51,25,19,1,1,0,5,0,0,0.0,0,0,0,0,0,0,1,0,4.1356,0.3721,0.6279,12,6.1429,0,0,0,0,0,0,3,0,0,0.7143,1
47,28,12,2,2,0,3,0,0,0.0,0,0,0,0,1,0,3,1,4.3944,0.3077,0.6923,10,5.5714,0,0,0,0,0,0,1,1,0,0.6,1
47,14,25,3,1,0,4,0,11,0.234,0,1,1,2,0,0,2,1,4.206,0.2593,0.7407,9,6.75,0,0,0,0,0,0,2,0,0,1.0,1
26,12,7,1,0,0,3,0,0,0.0,0,0,0,0,0,0,1,0,4.1039,0.2857,0.7143,8,5.25,0,0,0,0,0,0,1,0,0,0.1111,1
85,42,17,7,0,0,4,0,3,0.0353,0,0,0,5,1,0,2,1,4.787,0.3284,0.6716,9,4.7857,0,0,0,0,1,18,2,0,0,0.625,1
46,31,7,1,2,0,3,0,0,0.0,0,0,1,0,1,0,2,1,4.3439,0.3077,0.6923,10,6.5,0,0,0,0,0,0,1,0,0,0.7143,1
55,17,15,2,0,0,4,0,6,0.1091,0,0,1,1,1,0,2,1,4.6719,0.35,0.65,7,5.0,0,0,0,0,1,14,2,0,0,0.0,1
88,43,24,7,1,0,5,0,0,0.0,0,0,0,5,1,0,1,1,4.3993,0.3611,0.6389,10,4.8,0,0,0,0,1,13,3,0,0,0.5,1
38,18,13,1,1,0,3,0,1,0.0263,0,0,0,0,0,0,1,0,4.0606,0.3548,0.6452,12,5.1667,0,1,0,0,0,0,1,0,0,0.5,1
44,18,19,3,0,0,5,0,0,0.0,0,0,0,1,0,0,0,0,3.9823,0.3143,0.6857,10,5.0,1,0,0,0,0,0,2,1,1,0.6,1
36,12,16,4,0,0,4,0,9,0.25,0,1,1,2,0,0,1,1,4.2391,0.2222,0.7778,5,4.5,0,0,0,0,0,0,2,1,0,1.0,1
47,24,5,1,2,0,3,0,0,0.0,0,0,0,0,1,0,2,1,4.3072,0.3684,0.6316,7,4.75,0,0,0,0,1,10,1,0,0,0.6667,1
56,18,15,2,0,0,4,0,6,0.1071,0,0,1,1,1,0,2,1,4.5749,0.3415,0.6585,7,5.125,0,0,0,0,1,14,2,0,0,0.0,1
47,27,12,5,0,0,3,0,3,0.0638,0,0,1,3,1,0,1,1,4.5039,0.2857,0.7143,8,4.375,0,0,0,0,0,0,1,1,1,0.0,1
39,12,16,3,0,0,5,0,12,0.3077,0,1,0,2,0,0,2,0,4.2823,0.2941,0.7059,7,5.6667,0,0,0,0,0,0,2,0,0,0.8889,1
37,22,8,1,2,0,3,0,0,0.0,0,0,0,0,1,0,2,1,4.1681,0.3333,0.6667,7,5.0,0,0,0,0,0,0,1,0,0,0.6842,1
46,28,10,5,0,0,3,0,3,0.0652,0,0,1,3,1,0,1,1,4.363,0.2353,0.7647,9,4.25,0,0,0,0,0,0,1,1,1,0.0,1
27,13,7,1,0,0,3,0,0,0.0,0,0,0,0,0,0,0,0,4.0043,0.3182,0.6818,9,5.5,0,0,0,0,0,0,1,0,0,0.1,1
45,28,10,5,0,0,3,0,3,0.0667,0,0,0,3,1,0,1,1,4.2334,0.2424,0.7576,9,4.125,0,1,0,0,0,0,1,1,1,0.0,1
60,23,15,1,2,0,4,0,3,0.05,0,0,0,0,1,0,4,1,4.5281,0.383,0.617,8,5.2222,0,0,0,0,1,14,2,0,0,0.6,1
43,14,22,4,0,0,4,0,11,0.2558,0,1,0,2,0,0,1,1,4.3679,0.2174,0.7826,9,5.75,0,0,0,0,0,0,2,1,0,1.0,1
43,20,5,1,2,0,3,0,0,0.0,0,0,0,0,1,0,1,1,4.2023,0.3529,0.6471,9,4.8571,0,0,0,0,1,10,1,0,0,0.4706,1
63,25,15,4,0,0,4,0,6,0.0952,0,0,1,3,1,0,2,1,4.608,0.3261,0.6739,7,4.6,0,0,0,0,1,14,2,0,1,0.0,1
33,16,10,3,0,0,3,0,3,0.0909,0,0,0,1,1,0,1,1,3.9573,0.2609,0.7391,5,3.8333,0,0,0,0,0,0,1,1,0,0.0,1
36,20,9,1,1,0,3,0,1,0.0278,0,0,0,0,0,0,1,0,4.2499,0.2759,0.7241,8,5.8,0,0,0,0,0,0,1,0,0,0.5,1
39,19,8,1,1,0,3,0,4,0.1026,0,0,0,0,0,1,2,1,4.1479,0.3214,0.6786,9,5.6,0,1,0,0,0,0,1,0,0,0.4,1
41,22,12,2,2,0,3,0,0,0.0,0,0,0,0,1,0,3,1,4.0948,0.303,0.697,7,4.7143,0,0,0,0,0,0,1,1,0,0.7368,1
53,38,8,1,4,0,3,0,0,0.0,0,0,0,0,0,0,6,0,4.4114,0.3636,0.6364,7,5.5,0,1,0,0,0,0,1,0,0,0.8235,1
62,25,15,4,0,0,4,0,6,0.0968,0,0,0,3,1,0,2,1,4.6172,0.3111,0.6889,7,4.5,0,0,0,0,1,14,2,0,1,0.0,1
45,26,12,1,3,0,3,0,0,0.0,0,0,0,0,1,0,3,1,4.1999,0.3514,0.6486,10,5.2857,0,0,0,0,0,0,1,0,0,0.5652,1
35,12,16,3,1,0,4,0,9,0.2571,0,1,0,2,0,0,1,1,4.229,0.2941,0.7059,6,4.25,0,0,0,0,0,0,2,0,0,0.8889,1
48,29,12,5,0,0,3,0,3,0.0625,0,0,0,3,1,0,1,1,4.3792,0.25,0.75,10,4.5,0,0,0,0,0,0,1,1,1,0.0,1
36,16,12,3,0,0,3,0,0,0.0,0,0,1,1,1,0,2,1,4.0305,0.2759,0.7241,6,4.8333,0,0,0,0,0,0,1,1,0,0.0,1
49,18,13,2,1,0,3,0,3,0.0612,0,0,1,1,1,0,2,1,4.5815,0.3514,0.6486,6,4.625,0,0,0,0,1,9,1,0,0,0.0,1
36,16,12,2,1,0,3,0,0,0.0,0,0,1,0,1,0,2,1,4.0169,0.2759,0.7241,7,4.8333,0,0,0,0,0,0,1,1,0,0.5,1
48,25,5,1,2,0,3,0,0,0.0,0,0,0,0,1,0,2,1,4.2823,0.3333,0.6667,7,4.875,0,0,0,0,1,10,1,0,0,0.6818,1
25,10,8,1,0,0,3,0,0,0.0,0,0,0,0,0,0,0,0,3.5631,0.25,0.75,7,5.0,0,0,0,0,0,0,1,0,1,0.1667,1
65,27,15,1,2,0,4,0,3,0.0462,0,0,1,0,1,0,3,1,4.4372,0.3462,0.6538,9,5.7778,0,0,0,0,1,14,2,0,0,0.6087,1
42,14,21,3,1,0,4,0,11,0.2619,0,1,0,2,0,0,2,1,4.2072,0.2727,0.7273,8,5.5,0,0,0,0,0,0,2,0,0,0.8889,1
42,9,26,4,1,0,4,0,6,0.1429,0,1,0,2,0,0,1,1,4.3204,0.2692,0.7308,7,5.2,0,0,0,0,0,0,2,1,0,1.0,1
41,12,22,4,0,0,4,0,9,0.2195,0,1,0,2,0,0,1,1,4.3635,0.2174,0.7826,9,5.75,0,0,0,0,0,0,2,1,0,1.0,1
34,15,12,1,2,0,3,0,0,0.0,0,0,0,0,1,0,2,1,4.0941,0.3704,0.6296,6,4.5,0,0,0,0,0,0,1,0,0,0.5,1
40,17,16,1,2,0,3,0,0,0.0,0,0,0,0,1,0,1,1,4.1153,0.303,0.697,8,5.5,0,0,0,0,0,0,1,0,0,0.5833,1
41,8,26,4,1,0,4,0,5,0.122,0,1,0,2,0,0,3,0,4.1923,0.3077,0.6923,7,5.2,0,0,0,0,0,0,2,1,0,1.0,1
40,21,12,3,0,0,3,0,0,0.0,0,0,0,1,1,0,2,1,4.1398,0.2727,0.7273,9,5.5,0,0,0,0,0,0,1,1,0,0.0,1
48,14,16,3,0,0,4,0,11,0.2292,0,1,0,2,0,0,0,1,4.5637,0.3333,0.6667,10,5.4,0,0,0,0,1,10,2,0,0,0.8889,1
45,14,12,3,0,0,4,0,11,0.2444,0,1,1,2,0,0,0,1,4.4914,0.375,0.625,6,4.8,0,0,0,0,1,10,2,0,0,0.8889,1
27,11,9,1,0,0,3,0,0,0.0,0,0,0,0,0,0,1,0,4.0784,0.3182,0.6818,8,5.5,0,0,0,0,0,0,1,0,0,0.125,1
46,26,12,5,0,0,3,0,3,0.0652,0,0,1,3,1,0,1,1,4.4065,0.2059,0.7941,7,4.25,0,0,0,0,0,0,1,1,1,0.0,1
44,30,7,3,1,0,3,0,0,0.0,0,0,0,2,0,0,2,1,4.2201,0.3333,0.6667,8,5.1429,0,0,0,0,0,0,1,0,0,0.0,1
40,25,7,1,2,0,3,0,0,0.0,0,0,1,0,1,0,2,1,4.1062,0.303,0.697,7,5.5,0,0,0,0,0,0,1,0,0,0.6818,1
55,16,18,1,1,0,4,0,0,0.0,0,0,0,0,0,0,2,1,4.7863,0.3478,0.6522,11,5.75,0,0,0,0,1,13,2,0,0,0.5833,1
44,22,15,1,3,0,3,0,0,0.0,0,0,0,0,1,0,4,1,4.3393,0.3056,0.6944,8,5.1429,0,0,0,0,0,0,1,0,0,0.6842,1
38,20,10,3,0,0,3,0,3,0.0789,0,0,1,1,1,0,1,1,4.3065,0.25,0.75,9,4.6667,0,0,0,0,0,0,1,1,0,0.0,1
26,13,6,1,0,0,3,0,0,0.0,0,0,0,0,0,0,1,0,3.7962,0.3333,0.6667,9,5.25,0,0,0,0,0,0,1,0,0,0.1111,1
36,17,12,3,0,0,3,0,0,0.0,0,0,0,1,1,0,2,1,4.0441,0.2759,0.7241,7,4.8333,0,0,0,0,0,0,1,1,0,0.0,1
40,27,6,3,0,0,3,0,1,0.025,1,0,0,2,1,0,2,0,4.5087,0.3226,0.6774,8,4.4286,0,0,0,1,0,0,1,0,0,0.3,1
63,26,15,1,2,0,4,0,3,0.0476,0,0,0,0,1,0,3,1,4.6298,0.34,0.66,8,5.5556,0,0,0,0,1,14,2,0,0,0.6522,1
53,30,15,4,1,0,3,0,3,0.0566,0,0,1,3,1,0,2,1,4.5085,0.2683,0.7317,9,5.125,0,0,0,0,0,0,1,0,1,0.0,1
25,11,7,1,0,0,3,0,0,0.0,0,0,0,0,0,0,1,0,3.7337,0.25,0.75,7,5.0,0,0,0,0,0,0,1,0,0,0.125,1
45,22,5,1,2,0,3,0,0,0.0,0,0,0,0,1,0,2,1,4.3749,0.3611,0.6389,6,4.5,0,0,0,0,1,10,1,0,0,0.6842,1
36,16,12,3,0,0,3,0,3,0.0833,0,0,1,1,1,0,1,1,4.1626,0.2692,0.7308,6,4.3333,0,0,0,0,0,0,1,1,0,0.0,1
38,21,10,2,2,0,3,0,0,0.0,0,0,0,0,1,0,2,1,4.096,0.3333,0.6667,6,4.2857,0,0,0,0,0,0,1,1,0,0.7222,1
41,21,12,3,0,0,3,0,0,0.0,0,0,1,1,1,0,2,1,3.9067,0.2353,0.7647,9,5.6667,0,0,0,0,0,0,1,1,0,0.0,1
39,26,6,4,0,0,3,0,0,0.0,0,0,0,3,1,0,2,1,4.0604,0.3226,0.6774,8,4.4286,0,0,0,0,0,0,1,0,1,0.0,1
43,24,12,2,2,0,3,0,0,0.0,0,0,0,0,1,0,2,1,4.3328,0.2857,0.7143,7,5.0,0,0,0,0,0,0,1,1,0,0.7143,1
59,22,15,1,2,0,4,0,3,0.0508,0,0,0,0,1,0,4,1,4.5516,0.3696,0.6304,7,5.1111,0,0,0,0,1,14,2,0,0,0.6842,1
57,21,29,2,1,0,6,0,3,0.0526,0,0,0,0,0,0,1,1,4.1312,0.3636,0.6364,9,5.5,0,1,0,0,0,0,4,0,0,0.4706,1
47,12,28,3,0,0,3,0,2,0.0426,2,0,0,1,0,0,0,1,4.3888,0.2778,0.7222,8,4.5,0,0,0,1,0,0,1,1,1,0.7143,1
50,26,16,1,3,0,3,0,0,0.0,0,0,1,0,1,0,2,1,4.3513,0.3333,0.6667,8,6.0,0,0,0,0,0,0,1,0,0,0.7143,1
59,21,15,1,2,0,4,0,3,0.0508,0,0,1,0,1,0,3,1,4.5455,0.3478,0.6522,8,5.75,0,0,0,0,1,14,2,0,0,0.5,1
85,52,13,7,0,0,3,0,0,0.0,0,0,0,6,1,0,4,1,4.4115,0.375,0.625,12,6.0,0,0,0,0,1,12,1,0,0,0.6667,1
42,12,23,3,1,0,4,0,9,0.2143,0,1,0,2,0,0,2,1,4.4336,0.2917,0.7083,7,6.0,0,0,0,0,0,0,2,0,0,1.0,1
76,40,7,5,1,0,3,0,0,0.0,0,0,0,4,1,0,4,1,4.4127,0.3871,0.6129,8,4.7692,0,0,0,0,2,21,1,0,0,0.625,1
56,18,15,2,0,0,4,0,3,0.0536,0,0,1,1,1,0,3,1,4.5174,0.3182,0.6818,9,5.5,0,0,0,0,1,14,2,0,0,0.0,1
38,16,15,1,2,0,3,0,0,0.0,0,0,0,0,1,0,3,1,3.9778,0.3226,0.6774,8,5.1667,0,0,0,0,0,0,1,0,0,0.6154,1
47,28,12,2,2,0,3,0,0,0.0,0,0,0,0,1,0,3,1,4.4105,0.3333,0.6667,8,5.5714,0,0,0,0,0,0,1,1,0,0.6522,1
43,23,12,2,2,0,3,0,0,0.0,0,0,1,0,1,0,2,1,4.3328,0.2571,0.7429,10,5.8333,0,0,0,0,0,0,1,1,0,0.4444,1
63,19,19,2,3,1,4,0,0,0.0,0,0,0,0,0,0,2,1,4.5194,0.26,0.74,8,4.5455,0,0,0,0,1,17,2,1,0,0.6,1
44,24,13,1,2,0,3,0,0,0.0,0,0,0,0,1,0,2,1,4.0815,0.3784,0.6216,12,6.1667,0,0,0,0,0,0,1,0,0,0.619,1
89,46,7,4,3,0,3,0,3,0.0337,0,0,0,3,1,0,2,1,4.6169,0.3662,0.6338,9,5.0714,0,0,0,0,2,28,1,0,1,0.0,1
42,13,21,3,1,0,4,0,10,0.2381,0,1,1,2,0,0,2,1,4.2908,0.2609,0.7391,8,5.75,0,0,0,0,0,0,2,0,0,1.0,1
39,16,16,2,1,0,3,0,0,0.0,0,0,0,1,1,0,2,1,4.0898,0.2812,0.7188,8,5.3333,0,0,0,0,0,0,1,0,0,0.0,1
46,15,24,3,1,0,4,0,12,0.2609,0,1,0,2,0,0,2,1,4.4686,0.32,0.68,8,6.25,0,0,0,0,0,0,2,0,0,1.0,1
63,25,15,4,0,0,4,0,6,0.0952,0,0,1,3,1,0,2,1,4.6975,0.3261,0.6739,7,4.6,0,0,0,0,1,14,2,0,1,0.0,1
35,7,7,3,0,0,3,1,0,0.0,1,0,0,0,1,0,1,1,4.0856,0.2593,0.7407,6,3.8571,0,0,0,0,0,0,1,0,1,0.625,1
47,23,5,1,2,0,3,0,0,0.0,0,0,1,0,1,0,2,1,4.1369,0.3684,0.6316,7,4.75,0,0,0,0,1,10,1,0,0,0.75,1
41,15,18,4,0,0,4,0,12,0.2927,0,1,1,2,0,0,1,1,4.2779,0.2,0.8,7,5.0,0,0,0,0,0,0,2,1,0,0.8889,1
48,25,15,1,3,0,3,0,0,0.0,0,0,1,0,1,0,4,1,4.1969,0.3,0.7,8,5.7143,0,0,0,0,0,0,1,0,0,0.6818,1
45,22,15,2,1,0,3,0,3,0.0667,0,0,1,1,1,0,2,1,4.4556,0.2857,0.7143,9,5.8333,0,0,0,0,0,0,1,0,0,0.0,1
47,30,10,5,0,0,3,0,3,0.0638,0,0,0,3,1,0,1,1,4.4027,0.2571,0.7429,9,4.375,0,0,0,0,0,0,1,1,1,0.0,1
26,12,7,1,0,0,3,0,4,0.1538,0,0,0,0,1,0,1,0,4.2578,0.2353,0.7647,6,2.125,0,0,0,0,0,0,1,0,0,0.7778,1
45,25,12,2,2,0,3,0,0,0.0,0,0,1,0,1,0,3,1,4.2611,0.2973,0.7027,9,5.2857,0,0,0,0,0,0,1,1,0,0.5909,1
48,18,13,2,1,0,3,0,3,0.0625,0,0,0,1,1,0,2,1,4.4469,0.3333,0.6667,7,4.5,0,0,0,0,1,9,1,0,0,0.0,1
38,13,18,4,0,0,4,0,10,0.2632,0,1,0,2,0,0,1,1,4.2211,0.2105,0.7895,6,4.75,0,0,0,0,0,0,2,1,0,1.0,1
41,8,14,3,0,0,3,1,0,0.0,2,0,0,0,0,0,0,1,4.1251,0.25,0.75,8,4.5714,0,0,1,0,0,0,1,1,0,0.7143,1
43,12,23,4,0,0,4,0,9,0.2093,0,1,1,2,0,0,1,1,4.4609,0.2,0.8,10,6.25,0,0,0,0,0,0,2,1,0,1.0,1
48,29,12,2,2,0,3,0,0,0.0,0,0,0,0,1,0,1,1,4.2071,0.25,0.75,10,5.7143,0,0,0,0,0,0,1,1,0,0.5833,1
44,26,10,5,0,0,3,0,3,0.0682,0,0,1,3,1,0,1,1,4.2893,0.2188,0.7812,6,4.0,0,0,0,0,0,0,1,1,1,0.0,1
39,19,13,1,1,0,4,0,2,0.0513,0,0,0,0,0,0,3,0,4.2017,0.3,0.7,8,4.2857,0,0,0,0,0,0,2,0,0,0.7333,1
40,14,18,3,1,0,4,0,11,0.275,0,1,1,2,0,0,1,1,4.2964,0.35,0.65,6,5.0,0,0,0,0,0,0,2,0,0,0.8889,1
42,14,21,3,1,0,4,0,11,0.2619,0,1,0,2,0,0,1,1,4.386,0.4091,0.5909,8,5.5,0,0,0,0,0,0,2,0,0,1.0,1
39,14,18,3,1,0,4,0,11,0.2821,0,1,0,2,0,0,1,1,4.1949,0.3684,0.6316,6,4.75,0,0,0,0,0,0,2,0,0,0.8889,1
40,20,12,2,1,0,3,0,0,0.0,0,0,1,0,1,0,2,1,4.3276,0.2121,0.7879,9,5.5,0,0,0,0,0,0,1,1,0,0.4375,1
85,42,22,7,0,0,5,0,2,0.0235,0,0,0,5,1,0,5,1,4.4297,0.3382,0.6618,8,4.8571,0,0,0,0,1,13,3,0,0,0.875,1
44,22,15,1,2,0,3,0,0,0.0,0,0,0,0,1,0,3,1,4.2656,0.3784,0.6216,13,6.1667,0,0,0,0,0,0,1,0,0,0.3158,1
41,15,19,4,0,0,4,0,12,0.2927,0,1,0,2,0,0,1,1,4.3267,0.3,0.7,8,5.0,0,0,0,0,0,0,2,1,0,0.8889,1
25,10,8,1,0,0,3,0,0,0.0,0,0,0,0,0,0,1,0,3.9133,0.2,0.8,7,5.0,0,0,0,0,0,0,1,0,0,0.1429,1
46,14,24,3,1,0,4,0,11,0.2391,0,1,1,2,0,0,1,1,4.3253,0.2692,0.7308,8,6.5,0,0,0,0,0,0,2,0,0,1.0,1
54,17,15,2,0,0,4,0,3,0.0556,0,0,0,1,1,0,3,1,4.5368,0.3333,0.6667,7,5.25,0,0,0,0,1,14,2,0,0,0.0,1
38,15,5,2,0,0,3,0,0,0.0,0,0,0,1,1,0,1,1,3.9682,0.3667,0.6333,6,4.2857,0,0,0,0,1,10,1,0,0,0.0,1
46,28,11,4,0,0,3,0,0,0.0,0,0,0,3,1,0,1,1,4.2654,0.2895,0.7105,10,5.4286,0,0,0,0,0,0,1,0,1,0.0,1
32,18,7,1,2,0,3,0,0,0.0,0,0,0,0,1,0,2,1,4.0306,0.28,0.72,6,4.1667,0,0,0,0,0,0,1,0,0,0.6667,1
34,15,12,3,0,0,3,0,0,0.0,0,0,0,1,1,0,1,1,3.8954,0.2222,0.7778,6,4.5,0,0,0,0,0,0,1,1,0,0.0,1
39,16,16,1,2,0,3,0,1,0.0256,0,0,0,0,0,0,1,0,4.2462,0.3226,0.6774,7,4.4286,0,0,0,0,0,0,1,0,0,0.5833,1
47,24,5,1,2,0,3,0,0,0.0,0,0,0,0,1,0,2,1,4.2485,0.3684,0.6316,8,4.75,0,0,0,0,1,10,1,0,0,0.619,1
41,18,16,1,2,0,3,0,0,0.0,0,0,0,0,1,0,2,1,4.2387,0.3824,0.6176,8,5.6667,0,0,0,0,0,0,1,0,0,0.4667,1
28,13,8,1,0,0,3,0,4,0.1429,0,0,0,0,0,0,1,0,4.209,0.2105,0.7895,7,2.7143,0,0,0,0,0,0,1,0,0,0.8889,1
27,12,8,1,0,0,3,0,0,0.0,0,0,0,0,1,0,1,0,4.0323,0.1364,0.8636,9,5.5,0,0,0,0,0,0,1,0,0,0.7778,1
38,21,10,2,2,0,3,0,0,0.0,0,0,0,0,1,0,2,1,4.0606,0.3,0.7,6,4.2857,0,0,0,0,0,0,1,1,0,0.7222,1
39,14,18,4,0,0,4,0,11,0.2821,0,1,0,2,0,0,1,1,4.221,0.2105,0.7895,7,4.75,0,0,0,0,0,0,2,1,0,1.0,1
42,13,22,3,1,0,4,0,10,0.2381,0,1,0,2,0,0,1,1,4.4813,0.3478,0.6522,9,5.75,0,0,0,0,0,0,2,0,0,1.0,1
55,17,15,2,0,0,4,0,6,0.1091,0,0,1,1,1,0,2,1,4.5265,0.35,0.65,7,5.0,0,0,0,0,1,14,2,0,0,0.0,1
51,27,5,1,2,0,3,0,0,0.0,0,0,1,0,1,0,2,1,4.2083,0.3571,0.6429,9,5.25,0,0,0,0,1,10,1,0,0,0.625,1
32,11,14,1,1,0,3,0,0,0.0,0,0,0,0,0,0,0,0,4.0306,0.2308,0.7692,8,5.2,0,1,0,0,0,0,1,0,0,0.7143,1
36,16,12,2,1,0,3,0,0,0.0,0,0,1,0,1,0,2,1,4.1762,0.2069,0.7931,7,4.8333,0,0,0,0,0,0,1,1,0,0.6154,1
46,24,15,1,3,0,3,0,0,0.0,0,0,0,0,1,0,4,1,3.9802,0.3421,0.6579,8,5.4286,0,0,0,0,0,0,1,0,0,0.6842,1
45,27,10,5,0,0,3,0,3,0.0667,0,0,1,3,1,0,1,1,4.3055,0.2727,0.7273,6,4.125,0,0,0,0,0,0,1,1,1,0.0,1
40,13,20,3,0,0,5,0,0,0.0,0,0,0,1,0,0,1,1,4.0751,0.2581,0.7419,7,4.4286,1,0,0,0,0,0,2,0,1,0.0,1
67,29,15,1,2,0,4,0,3,0.0448,0,0,1,0,1,0,3,1,4.5572,0.3148,0.6852,9,6.0,0,0,0,0,1,14,2,0,0,0.625,1
60,15,22,3,0,0,5,0,15,0.25,0,1,1,2,0,0,2,1,4.6505,0.3529,0.6471,7,5.6667,0,0,0,0,1,14,3,0,0,1.0,1
79,20,52,2,2,0,8,0,0,0.0,0,0,0,0,0,0,3,1,4.353,0.303,0.697,9,5.5,0,0,0,0,0,0,6,1,0,0.75,1
43,24,12,1,2,0,4,0,0,0.0,0,0,0,0,0,0,3,0,4.2023,0.3714,0.6286,7,5.0,0,0,0,0,0,0,2,0,0,0.7,1
55,25,13,1,3,0,3,0,0,0.0,0,0,0,0,1,0,4,1,4.5417,0.3556,0.6444,6,5.0,0,0,0,0,1,9,1,0,0,0.7,1
39,19,12,2,2,0,3,0,0,0.0,0,0,1,0,1,0,2,1,4.1504,0.2258,0.7742,7,5.1667,0,0,0,0,0,0,1,1,0,0.5625,1
49,25,16,4,1,0,3,0,3,0.0612,0,0,1,3,1,0,1,1,4.4665,0.2973,0.7027,8,4.625,0,0,0,0,0,0,1,0,1,0.0,1
37,18,12,2,1,0,3,0,0,0.0,0,0,0,1,1,0,2,1,4.2966,0.4,0.6,6,5.0,0,0,0,0,0,0,1,0,0,0.0,1
49,27,15,1,3,0,3,0,0,0.0,0,0,0,0,1,0,4,1,4.2416,0.2927,0.7073,10,5.8571,0,0,0,0,0,0,1,0,0,0.5833,1
42,28,7,3,1,0,3,0,0,0.0,0,0,0,2,0,0,3,1,4.3024,0.3529,0.6471,6,4.8571,0,0,0,0,0,0,1,0,0,0.0,1
24,11,6,1,0,0,3,0,0,0.0,0,0,0,0,0,0,1,1,3.7406,0.2632,0.7368,7,4.75,0,0,0,0,0,0,1,0,0,0.1429,1
63,25,15,1,2,0,4,0,3,0.0476,0,0,1,0,1,0,4,1,4.5511,0.34,0.66,7,5.5556,0,0,0,0,1,14,2,0,0,0.6818,1
43,14,21,4,0,0,4,0,11,0.2558,0,1,1,2,0,0,1,1,4.4785,0.2609,0.7391,8,5.75,0,0,0,0,0,0,2,1,0,1.0,1
39,19,12,2,1,0,3,0,0,0.0,0,0,1,0,1,0,2,1,4.3043,0.2188,0.7812,10,5.3333,0,0,0,0,0,0,1,1,0,0.375,1
49,25,17,1,2,0,4,0,0,0.0,0,0,0,0,0,0,4,0,4.1484,0.3415,0.6585,8,5.8571,0,0,0,0,0,0,2,0,0,0.7619,1
57,26,13,1,3,0,3,0,0,0.0,0,0,1,0,1,0,3,1,4.4989,0.3191,0.6809,10,5.2222,0,0,0,0,1,9,1,0,0,0.5652,1
49,11,20,3,1,0,4,0,8,0.1633,0,1,1,2,0,0,2,1,4.5889,0.3333,0.6667,6,5.0,0,0,0,0,1,9,2,0,0,1.0,1
39,7,7,3,0,0,3,1,0,0.0,1,0,0,0,1,0,1,1,4.1562,0.2581,0.7419,9,4.4286,0,1,0,0,0,0,1,0,1,0.6,1
105,59,10,5,4,0,3,0,6,0.0571,0,0,0,3,1,0,4,1,4.7684,0.3659,0.6341,10,4.8235,0,0,0,0,2,28,1,1,0,0.6842,1
39,19,8,1,1,0,3,0,4,0.1026,0,0,0,0,0,1,1,1,4.0923,0.3214,0.6786,8,5.6,0,1,0,0,0,0,1,0,1,0.6,1
59,29,13,4,1,0,3,0,3,0.0508,0,0,0,3,1,0,2,1,4.6194,0.3111,0.6889,9,4.5,0,1,0,0,1,9,1,0,1,0.0,1
42,18,5,1,2,0,3,0,0,0.0,0,0,1,0,1,0,1,1,4.336,0.303,0.697,7,4.7143,0,0,0,0,1,10,1,0,0,0.5333,1
47,14,25,3,1,0,4,0,11,0.234,0,1,1,2,0,0,2,1,4.3658,0.2593,0.7407,9,6.75,0,0,0,0,0,0,2,0,0,0.8889,1
61,24,15,1,2,0,4,0,3,0.0492,0,0,0,0,1,0,4,1,4.5578,0.3125,0.6875,7,5.3333,0,0,0,0,1,14,2,0,0,0.6667,1
36,17,7,1,1,0,3,0,4,0.1111,0,0,0,0,0,1,1,1,4.1179,0.28,0.72,7,5.0,0,1,0,0,0,0,1,0,0,0.6154,1
42,13,21,4,0,0,4,0,10,0.2381,0,1,1,2,0,0,1,1,4.386,0.2609,0.7391,8,5.75,0,0,0,0,0,0,2,1,0,0.8889,1
27,6,14,1,0,0,3,0,3,0.1111,0,0,0,0,0,0,0,0,3.8562,0.3684,0.6316,10,4.75,0,1,0,0,0,0,1,0,0,0.5,1
58,27,13,1,3,0,3,0,0,0.0,0,0,1,0,1,0,3,1,4.4203,0.3333,0.6667,9,5.3333,0,0,0,0,1,9,1,0,0,0.6087,1
44,24,12,2,2,0,3,0,0,0.0,0,0,1,0,1,0,3,1,4.2999,0.3333,0.6667,6,5.1429,0,0,0,0,0,0,1,1,0,0.6842,1
57,26,13,4,1,0,3,0,3,0.0526,0,0,1,3,1,0,2,1,4.5587,0.3256,0.6744,6,4.3,0,0,0,0,1,9,1,0,1,0.0,1
66,8,51,2,1,0,9,0,6,0.0909,0,0,0,0,0,0,1,1,4.4137,0.2979,0.7021,7,4.7,0,0,0,0,0,0,7,1,0,0.7143,1
25,12,6,1,0,0,3,0,1,0.04,1,0,0,0,0,0,1,0,4.0235,0.2778,0.7222,5,3.6,0,0,0,1,0,0,1,0,0,0.375,1
49,26,16,1,3,0,3,0,0,0.0,0,0,0,0,1,0,3,1,4.3366,0.3415,0.6585,8,5.8571,0,0,0,0,0,0,1,0,0,0.6522,1
50,20,13,1,2,0,3,0,0,0.0,0,0,0,0,1,0,3,1,4.3722,0.3415,0.6585,9,5.125,0,0,0,0,1,9,1,0,0,0.4706,1
27,13,7,1,0,0,3,0,4,0.1481,0,0,0,0,0,0,1,0,4.2545,0.2222,0.7778,6,2.25,0,0,0,0,0,0,1,0,0,0.8889,1
57,12,10,3,0,0,5,0,0,0.0,0,0,0,0,1,0,1,1,4.2687,0.2889,0.7111,9,5.0,1,0,0,0,1,27,1,1,0,0.5556,1
46,26,12,1,3,0,3,0,0,0.0,0,0,1,0,1,0,3,1,4.3923,0.3158,0.6842,7,5.4286,0,0,0,0,0,0,1,0,0,0.7143,1
79,20,52,2,1,0,9,0,0,0.0,0,0,0,0,0,0,2,1,4.2269,0.3485,0.6515,11,5.5,0,0,0,0,0,0,7,1,0,0.6875,1
40,22,10,3,0,0,3,0,2,0.05,0,0,1,1,1,0,1,1,4.3251,0.2581,0.7419,10,5.1667,0,0,0,0,0,0,1,1,0,0.0,1
39,21,11,1,1,0,3,0,2,0.0513,0,0,0,0,0,0,1,0,4.2311,0.2903,0.7097,10,5.1667,0,0,0,0,0,0,1,0,0,0.6471,1
41,22,12,2,2,0,3,0,0,0.0,0,0,0,0,1,0,3,1,4.1739,0.303,0.697,7,4.7143,0,0,0,0,0,0,1,1,0,0.7222,1
39,14,17,4,0,0,4,0,11,0.2821,0,1,1,2,0,0,1,1,4.0066,0.2105,0.7895,6,4.75,0,0,0,0,0,0,2,1,0,1.0,1
42,23,12,2,2,0,3,0,0,0.0,0,0,0,0,1,0,2,1,4.2345,0.2941,0.7059,6,4.8571,0,0,0,0,0,0,1,1,0,0.7,1
39,11,20,4,0,0,4,0,8,0.2051,0,1,1,2,0,0,1,1,4.311,0.1818,0.8182,7,5.5,0,0,0,0,0,0,2,1,0,0.8889,1
43,24,12,2,2,0,3,0,0,0.0,0,0,0,0,1,0,3,1,4.4258,0.2857,0.7143,8,5.0,0,0,0,0,0,0,1,1,0,0.6,1
40,18,15,1,3,0,3,0,0,0.0,0,0,0,0,1,0,3,1,4.0685,0.2812,0.7188,8,5.3333,0,0,0,0,0,0,1,0,0,0.6429,1
39,17,15,1,2,0,3,0,1,0.0256,0,0,0,0,0,0,2,0,3.9746,0.3226,0.6774,7,4.4286,0,1,0,0,0,0,1,0,0,0.6923,1
33,20,6,1,1,0,3,0,0,0.0,0,0,0,0,1,0,2,1,4.0785,0.2963,0.7037,9,5.4,0,0,0,0,0,0,1,0,0,0.4706,1
36,10,14,3,0,0,4,0,11,0.3056,0,1,0,2,0,1,2,0,4.1416,0.25,0.75,7,5.3333,0,0,0,0,0,0,2,0,0,1.0,1
